StartDate,EndDate,Status,IPAddress,Progress,Duration__in_seconds_,Finished,RecordedDate,ResponseId,RecipientLastName,RecipientFirstName,RecipientEmail,ExternalReference,LocationLatitude,LocationLongitude,DistributionChannel,UserLanguage,Q1,Q32,Q6,Q15,Q35,Q34,Q36,Q14,Q18,Q19,Q20,Q21,Q22,Q23,Q24,Q25,Q26,Q27,Q28,Q43,Q44,Q45,Q7,Q8,Q13,Q49,Q17,Q29,Q42,Q46,Q47_1,Q47_2,Q47_3,Q47_4,Q47_5,crimetype,FL_16_DO_FL_25,FL_16_DO_FL_27,FL_6_DO_Paroledoesnotincreasecrime_increasesexpense_,FL_6_DO_Prisonisdehumanizing,FL_6_DO_Victimsforgive,crimetype_num,Q18r,Q20r,Q21r,Q23r,Q27r,prison_reform_attitude,argument_type
1/31/2022 9:32:04,1/31/2022 9:38:59,0,74.142.65.96,100,415,1,1/31/2022 9:39:00,R_2QSXHsaQ4hoYqOu, , , , ,38.1865997314453125,-85.65290069580078125,anonymous,EN,1,3,3,2,4,3,4,4,5,5,4,2,6,4,5,7,6,2,6,2,2,4,2,1,Me tucky,2,59,3,6,7,0,0,0,0,0,non-violent, ,1,1, , ,1,3,4,6,4,6,62,1
1/31/2022 9:34:32,1/31/2022 9:38:29,0,74.139.241.232,100,236,1,1/31/2022 9:38:29,R_3EFhutUg5LMHq5h, , , , ,38.26519775390625,-85.6230010986328125,anonymous,EN,1,5,5,4,5,5,5,5,4,7,1,1,7,4,7,7,7,1,7,5,3,10,2,1,Kentucky,2,49,7,3,5,1,0,0,0,0,non-violent, ,1, , ,1,1,4,7,7,4,7,76,3
1/31/2022 10:15:53,1/31/2022 10:17:55,0,128.230.193.194,100,122,1,1/31/2022 10:17:55,R_vZazy5AFKCDUPMl, , , , ,43.039093017578125,-76.1277008056640625,anonymous,EN,1,3,4,3,3,4,4,6,4,5,3,3,7,3,5,5,3,2,6,5,1,10,1,1,New York,2,21,7,5,3,0,0,0,0,0,violent,1, ,1, , ,2,4,5,5,5,6,62,1
1/31/2022 10:47:31,1/31/2022 10:55:56,0,107.127.49.28,100,505,1,1/31/2022 10:55:57,R_OO5nF01fGLeHOBb, , , , ,39.768402099609375,-86.15799713134765625,anonymous,EN,1,4,4,2,4,4,5,4,4,7,5,2,7,4,4,7,7,1,7,5,1,4,1,1,Kentucky,4,61,3,6,3,0,0,0,0,0,non-violent, ,1, , ,1,1,4,3,6,4,7,67,3
1/31/2022 12:59:41,1/31/2022 13:06:36,0,76.19.179.8,100,415,1,1/31/2022 13:06:36,R_12lmeJVYzeuIiIS, , , , ,44.392303466796875,-73.2147979736328125,anonymous,EN,1,3,3,1,2,2,5,6,2,6,5,1,7,2,7,6,6,1,6,5,1,10,2,1,Vermont,1,54,7,5,5,0,1,0,0,0,violent,1, , , ,1,2,6,3,7,6,7,73,3
1/31/2022 13:00:21,1/31/2022 13:03:23,0,129.170.195.212,100,181,1,1/31/2022 13:03:23,R_2SdYiFNuvgDFeEp, , , , ,43.701904296875,-72.2826995849609375,anonymous,EN,1,5,5,3,3,5,2,7,1,7,1,1,7,1,7,7,7,1,7,4,3,10,1,1,New Hampshire,1,19,7,5,3,1,0,0,0,0,violent,1, ,1, , ,2,7,7,7,7,7,84,1
1/31/2022 13:03:51,1/31/2022 13:09:27,0,70.79.146.184,100,335,1,1/31/2022 13:09:27,R_2VftpyzAhhPZJtG, , , , ,49.2490997314453125,-123.20880126953125,anonymous,EN,1,5,5,2,2,3,4,6,2,7,2,2,7,2,7,7,7,1,7,5,1,10,2,1,Vermont,1,20,7,5,3,0,0,0,0,0,non-violent, ,1, , ,1,1,6,6,6,6,7,79,3
1/31/2022 15:24:28,1/31/2022 15:35:51,0,71.163.180.94,100,682,1,1/31/2022 15:35:51,R_3EYDsjBMQe1F2A8, , , , ,38.9618072509765625,-77.11930084228515625,anonymous,EN,1,5,4,4,3,5,4,7,1,7,2,1,7,2,7,7,7,1,7,4,2,10,2,1,Maryland,4,51,7,6,5,0,0,1,0,0,violent,1, , ,1, ,2,7,6,7,6,7,82,2
1/31/2022 15:24:30,1/31/2022 15:34:33,0,71.58.167.66,100,602,1,1/31/2022 15:34:33,R_skjDQmEhpVDVC6t, , , , ,40.0305023193359375,-76.28330230712890625,anonymous,EN,1,5,3,3,5,2,5,1,4,6,2,4,7,5,5,4,5,1,7,5,4,4,1,1,Pennsylvania,1,45,4,3,5,0,0,0,0,0,non-violent, ,1,1, , ,1,4,6,4,3,7,59,1
1/31/2022 15:31:21,1/31/2022 15:43:05,0,24.61.178.93,100,704,1,1/31/2022 15:43:05,R_2bH1vIsk5xQYtQi, , , , ,42.5583038330078125,-70.87819671630859375,anonymous,EN,1,3,3,2,2,2,4,1,4,5,3,1,6,6,5,4,3,1,6,5,1,10,2,1,MA,3,58,2,6,5,0,0,0,0,0,non-violent, ,1, ,1, ,1,4,5,7,2,7,55,2
1/31/2022 15:33:47,1/31/2022 15:37:48,0,73.61.13.199,100,241,1,1/31/2022 15:37:49,R_1IQp8pS2GpT9RzH, , , , ,42.346405029296875,-71.097503662109375,anonymous,EN,1,4,3,2,2,3,4,6,3,5,3,2,7,4,6,6,4,1,6,5,2,4,2,1,Massachusetts,2,25,6,3,5,0,0,1,0,0,non-violent, ,1,1, , ,1,5,5,6,4,7,67,1
1/31/2022 15:36:52,1/31/2022 15:54:04,0,199.191.111.50,100,1032,1,1/31/2022 15:54:04,R_1lgAoKxkwfCufgZ, , , , ,33.916900634765625,-118.3430023193359375,anonymous,EN,1,4,3,1,1,1,3,1,4,3,5,3,4,4,3,4,4,2,2,5,4,3,1,1,Pennsylvania,4,81,2, ,5,1,1,1,1,0,non-violent, ,1, , ,1,1,4,3,5,4,6,43,3
1/31/2022 15:43:34,1/31/2022 15:47:59,0,134.174.110.21,100,265,1,1/31/2022 15:47:59,R_2aDnjoCa0RVz4jJ, , , , ,42.33990478515625,-71.1244964599609375,anonymous,EN,1,4,4,5,2,1,5,2,2,4,1,2,6,3,1,7,6,3,5,5,1,3,1,1,Massachusetts,4,53,3,6,7,0,0,0,0,0,non-violent, ,1,1, , ,1,6,7,6,5,5,60,1
1/31/2022 15:43:37,1/31/2022 15:53:46,0,71.179.172.138,100,608,1,1/31/2022 15:53:46,R_294H7NdoYCSot9A, , , , ,39.41009521484375,-76.599700927734375,anonymous,EN,1,3,3,2,1,2,3,5,5,2,4,2,6,5,5,5,5,1,7,5,4,10,2,1,MD,3,23,2,1,5,0,0,0,0,0,non-violent, ,1,1, , ,1,3,4,6,3,7,58,1
1/31/2022 15:46:36,1/31/2022 15:52:16,0,174.242.134.36,100,339,1,1/31/2022 15:52:16,R_1IGYxnwhAXLhlO1, , , , ,41.9073028564453125,-71.43509674072265625,anonymous,EN,1,4,5,2,1,2,4,6,3,4,5,1,7,3,4,7,6,1,7,5,4,10,2,1,Massachusetts,3,18,4,4,2,0,0,0,0,0,non-violent, ,1, , ,1,1,5,3,7,5,7,68,3
1/31/2022 15:59:25,1/31/2022 16:09:17,0,71.163.180.94,100,592,1,1/31/2022 16:09:18,R_ANEgYQNRauku23v, , , , ,38.9618072509765625,-77.11930084228515625,anonymous,EN,1,4,4,3,3,4,4,5,1,7,1,1,7,1,6,6,7,1,7,5,2,10,1,1,Maryland,3,60,6,6,5,0,0,1,0,0,violent,1, , , ,1,2,7,7,7,7,7,80,3
1/31/2022 16:00:02,1/31/2022 16:10:28,0,72.20.212.73,100,626,1,1/31/2022 16:10:29,R_RDkiGnBzs2cmpA5, , , , ,40.009002685546875,-76.36309814453125,anonymous,EN,1,4,5,3,4,5,2,7,1,7,1,1,7,2,7,7,7,1,7,5,4,10,2,1,Pennsylvania,4,77,7,3,6,1,1,0,0,1,non-violent, ,1, , ,1,1,7,7,7,6,7,83,3
1/31/2022 18:07:23,1/31/2022 18:21:15,0,130.64.35.17,100,831,1,1/31/2022 18:21:15,R_1l6PIIGioaWJ1jW, , , , ,42.4178009033203125,-71.1134033203125,anonymous,EN,1,3,5,2,4,4,5,5,1,7,4,1,7,3,6,7,6,1,7,5,2,4,2,4,Massachusetts,4,19,6,5,2,0,0,0,0,0,violent,1, , , ,1,2,7,4,7,5,7,75,3
1/31/2022 18:28:37,1/31/2022 18:45:51,0,71.58.167.66,100,1033,1,1/31/2022 18:45:52,R_2tLl4TMV5bJFlCu, , , , ,40.0305023193359375,-76.28330230712890625,anonymous,EN,1,4,4,2,1,1,4,4,5,5,2,2,7,5,4,4,4,2,6,5,1,4,2,1,Pennsylvania,2,45,4,3,5,0,0,0,0,1,violent,1, , , ,1,2,3,6,6,3,6,58,3
1/31/2022 18:43:27,1/31/2022 19:04:50,0,137.99.143.21,100,1282,1,1/31/2022 19:04:50,R_p41YkMj0qZAvU5P, , , , ,41.8094940185546875,-72.2510986328125,anonymous,EN,1,4,3,1,3,5,5,7,1,7,1,1,7,2,7,6,7,1,7,5,4,4,2,1,Massachusetts,1,19,6,4,2,0,0,0,0,0,violent,1, , , ,1,2,7,7,7,6,7,82,3
1/31/2022 21:36:31,1/31/2022 21:45:43,0,67.134.204.47,100,552,1,1/31/2022 21:45:43,R_qKkUSngZaFyofsJ, , , , ,42.3737030029296875,-71.1284027099609375,anonymous,EN,1,4,4,3,3,4,5,6,1,5,3,2,7,2,5,6,6,1,7,5,2,10,2,4,Massachusetts,1,19,6,5,3,0,0,0,0,0,non-violent, ,1, ,1, ,1,7,5,6,6,7,73,2
1/31/2022 21:50:30,1/31/2022 21:56:20,0,134.181.110.239,78,349,0,2/7/2022 21:56:20,R_1I78VmLLdBJ7bOi, , , , , , ,anonymous,EN,1,3,3,3,3,3,3,4,4,4,4,4,4,4,4,4,4,4,4,3,3,3, , , , , , , , ,0,0,0,0,0,violent,1, , ,1, ,2,4,4,4,4,4,48,2
1/31/2022 22:06:37,1/31/2022 22:13:11,0,152.23.229.128,100,393,1,1/31/2022 22:13:11,R_3mdBOYoBSbmoRHw, , , , ,35.9152984619140625,-79.03859710693359375,anonymous,EN,1,4,4,3,5,2,5,1,4,2,3,2,6,4,6,7,4,3,5,5,5,4,2,4,NC,2,19,5,4,3,0,0,0,0,0,non-violent, ,1,1, , ,1,4,5,6,4,5,55,1
1/31/2022 22:18:28,1/31/2022 22:25:57,0,209.147.97.28,100,449,1,1/31/2022 22:25:57,R_3g6FblcMF4SHPFc, , , , ,41.8733062744140625,-88.116302490234375,anonymous,EN,1,4,3,1,3,3,3,4,3,5,5,2,5,4,5,6,5,2,5,3,2,4,1,4,Massachusetts,4,19,5,5,2,0,0,0,0,0,non-violent, ,1, ,1, ,1,5,3,6,4,6,59,2
2/1/2022 12:02:24,2/1/2022 12:19:40,0,47.18.61.220,100,1036,1,2/1/2022 12:19:41,R_216V75fXchvEZfp, , , , ,40.145599365234375,-74.21469879150390625,anonymous,EN,1,5,5,4,4,5,4,7,1,7,2,1,7,4,7,7,7,1,7,5,2,10,2,1,New Jersey,1,33,6,4,3,0,0,0,0,0,non-violent, ,1, , ,1,1,7,6,7,4,7,80,3
2/1/2022 12:15:59,2/1/2022 12:26:13,0,47.18.61.220,100,613,1,2/1/2022 12:26:13,R_1KcEGMRdKKEsCYi, , , , ,40.145599365234375,-74.21469879150390625,anonymous,EN,1,2,2,1,3,3,5,7,3,7,3,1,7,4,6,7,5,1,7,5,1,4,1,1,New Jersey,1,39,7,4,2,0,0,0,0,0,violent,1, ,1, , ,2,5,5,7,4,7,74,1
2/1/2022 12:20:58,2/1/2022 12:26:33,0,65.98.245.98,100,335,1,2/1/2022 12:26:33,R_2wcxSAnxG1IOoEb, , , , ,28.7115020751953125,-81.51349639892578125,anonymous,EN,1,3,2,1,4,1,3,1,5,5,4,4,5,5,4,5,5,3,5,3,3,10,2,1,Florida,2,53,4,3,4,0,0,0,0,0,violent,1, , , ,1,2,3,4,4,3,5,49,3
2/1/2022 14:31:01,2/1/2022 14:46:19,0,107.77.204.115,100,918,1,2/1/2022 14:46:20,R_zTmDmYyPJkeMkDf, , , , ,38.937103271484375,-76.9927978515625,anonymous,EN,1,4,4,1,1,3,3,4,1,6,3,2,6,2,6,6,5,2,6,5,2,2,1,1,PA,1,19,4,2,3,0,0,0,0,0,non-violent, ,1,1, , ,1,7,5,6,6,6,69,1
2/1/2022 14:56:48,2/1/2022 15:02:02,0,107.77.224.69,100,313,1,2/1/2022 15:02:02,R_1FyXM4J2czE0hX1, , , , ,40.781005859375,-73.950103759765625,anonymous,EN,1,5,5,1,3,5,5,7,1,7,1,1,7,1,7,7,7,1,7,5,5,10,2,1,Connecticut,3,20,7,6,3,0,0,1,0,0,non-violent, ,1, ,1, ,1,7,7,7,7,7,84,2
2/1/2022 15:08:57,2/1/2022 15:15:32,0,172.58.190.208,100,394,1,2/1/2022 15:15:32,R_1Ne5LqOWJb4xEna, , , , ,38.8939971923828125,-77.0364990234375,anonymous,EN,1,5,3,2,4,3,4,3,2,7,1,1,7,2,7,7,4,1,7,5,2,4,1,1,Maryland,1,26,4,2,6,1,0,0,0,0,non-violent, ,1,1, , ,1,6,7,7,6,7,75,1
2/1/2022 16:04:00,2/1/2022 16:07:56,0,73.191.117.29,100,236,1,2/1/2022 16:07:57,R_2R8IpuXmBb3Fqrm, , , , ,39.289093017578125,-76.55829620361328125,anonymous,EN,1,5,5,3,1,5,2,7,3,7,1,1,7,2,7,7,7,1,7,5,1,10,1,1,Maryland,3,25,7,3,6,0,0,0,0,0,non-violent, ,1,1, , ,1,5,7,7,6,7,81,1
2/1/2022 18:52:25,2/1/2022 18:56:40,0,173.64.127.117,100,255,1,2/1/2022 18:56:40,R_3jUnByT4gjIbJK0, , , , ,39.25140380859375,-76.7978973388671875,anonymous,EN,1,3,3,1,1,4,3,5,1,5,4,1,7,4,4,5,4,1,5,5,4,4,2,1,(Maryland),2,21,4,1,5,0,0,1,0,0,violent,1, ,1, , ,2,7,4,7,4,7,64,1
2/1/2022 22:44:05,2/1/2022 22:53:48,0,76.126.168.211,100,582,1,2/1/2022 22:53:48,R_e55G0ECsqD5PMyt, , , , ,37.962005615234375,-122.5561981201171875,anonymous,EN,1,5,3,1,3,5,4,3,1,7,1,1,7,6,7,7,7,1,7,5,3,3,1,1,California,1,62,6,6,6,0,0,0,0,0,non-violent, ,1,1, , ,1,7,7,7,2,7,75,1
2/1/2022 23:02:00,2/1/2022 23:07:28,0,165.225.243.20,100,328,1,2/1/2022 23:07:28,R_24ecPc3WRRiRFaY, , , , ,37.341705322265625,-121.9752960205078125,anonymous,EN,1,2,3,2,3,4,5,6,4,4,4,1,6,4,5,6,4,1,7,5,1,10,2,1,California,1,54,6,6,7,0,0,0,0,0,violent,1, , ,1, ,2,4,4,7,4,7,64,2
2/2/2022 13:38:47,2/2/2022 13:42:59,0,216.66.64.103,100,251,1,2/2/2022 13:42:59,R_sdt7YfmnR6isTuh, , , , ,39.21240234375,-76.87760162353515625,anonymous,EN,1,1,2,1,1,1,4,5,5,5,7,4,7,7,3,5,2,4,3,1,4,10,2,1,Maryland,3,58,4,6,6,0,0,0,0,0,violent,1, , , ,1,2,3,1,4,1,4,43,3
2/2/2022 20:09:49,2/2/2022 22:03:44,0,73.47.229.190,100,6834,1,2/2/2022 22:03:44,R_XZDsE56EuaRl6il, , , , ,41.555694580078125,-72.66320037841796875,anonymous,EN,1,2,2,1,2,3,4,1,2,6,1,1,6,7,6,7,7,1,7,5,1,10,4,7,Connecticut,4,52,6,5,6,1,0,1,1,1,violent,1, , ,1, ,2,6,7,7,1,7,68,2
2/2/2022 20:55:21,2/2/2022 21:29:12,0,73.47.229.190,100,2031,1,2/2/2022 21:29:13,R_1NwaCuJXTIrYHIl, , , , ,41.555694580078125,-72.66320037841796875,anonymous,EN,1,5,4,3,4,5,5,6,2,7,1,2,7,2,7,7,7,1,7,5,2,10,2,1,CT,2,54,7,6,7,1,0,0,0,1,non-violent, ,1, , ,1,1,6,7,6,6,7,80,3
2/2/2022 21:58:03,2/2/2022 22:03:16,0,69.145.56.90,100,312,1,2/2/2022 22:03:16,R_1DUdrx3UL0WYSHT, , , , ,45.6714019775390625,-111.04360198974609375,anonymous,EN,1,4,4,2,3,4,4,3,3,6,5,3,6,4,7,7,5,3,5,4,3,10,1,1,Montana,2,24,6,2,5,0,0,0,0,0,non-violent, ,1, ,1, ,1,5,3,5,4,5,61,2
2/3/2022 13:23:29,2/3/2022 13:30:58,0,129.49.100.209,100,448,1,2/3/2022 13:30:58,R_3EGVw9aIwo3OmiW, , , , ,40.9075927734375,-73.12200164794921875,anonymous,EN,1,3,3,4,1,3,5,7,5,7,1,1,7,3,7,6,6,3,7,5,4,1,1,6,New York,1,21,7,2,2,1,0,1,0,0,violent,1, , , ,1,2,3,7,7,5,5,74,3
2/3/2022 13:24:20,2/3/2022 15:17:52,0,107.127.42.112,39,6811,0,2/10/2022 15:36:36,R_RbhX4mLchYRoU5b, , , , , , ,anonymous,EN,1,5,4,1,1,1,1, , , , , , , , , , , , , , , , , , , , , , , ,0,0,0,0,0,non-violent, ,1,1, , ,1, , , , , , ,1
2/3/2022 13:26:01,2/3/2022 13:34:07,0,24.38.76.13,100,485,1,2/3/2022 13:34:07,R_3J3qKwPE1wdFBOK, , , , ,41.07110595703125,-74.80680084228515625,anonymous,EN,1,4,3,1,2,4,5,3,2,7,1,1,7,1,7,7,6,1,7,5,2,10,1,1,new york,1,53,6,3,5,0,0,1,0,1,non-violent, ,1, , ,1,1,6,7,7,7,7,78,3
2/3/2022 14:57:39,2/3/2022 15:04:52,0,72.12.77.119,100,433,1,2/3/2022 15:04:52,R_1HnJMMVsvdBebx1, , , , ,44.253692626953125,-70.24680328369140625,anonymous,EN,1,4,4,1,2,1,5,2,5,5,2,1,6,5,6,4,4,1,3,5,1,4,1,1,Maine,3,64,3,5,4,0,0,0,1,0,non-violent, ,1, , ,1,1,3,6,7,3,7,56,3
2/3/2022 18:27:03,2/3/2022 18:35:38,0,69.114.12.77,100,514,1,2/3/2022 18:35:38,R_22s3YSMl0kIPXdi, , , , ,40.9893035888671875,-72.178802490234375,anonymous,EN,1,3,3,1,1,4,4,5,1,7,3,1,7,3,7,7,7,1,7,5,1,10,2,1,New york,1,55,6,3,6,0,0,0,0,1,violent,1, , , ,1,2,7,5,7,5,7,78,3
2/4/2022 10:08:35,2/4/2022 10:12:32,0,167.206.181.194,100,236,1,2/4/2022 10:12:32,R_Ao36SdFVvF3BX5D, , , , ,40.9893035888671875,-72.178802490234375,anonymous,EN,1,3,4,1,2,3,5,4,1,7,1,1,7,5,7,7,7,1,7,5,4,10,2,1,New York,2,50,7,3,6,0,0,0,0,0,violent,1, , , ,1,2,7,7,7,3,7,77,3
2/4/2022 10:38:08,2/4/2022 10:42:10,0,74.132.48.200,100,242,1,2/4/2022 10:42:10,R_1LCL8d2GFrI8MkP, , , , ,38.220001220703125,-85.6941986083984375,anonymous,EN,1,4,4,3,3,4,4,6,1,7,2,1,7,2,7,7,7,1,7,5,4,10,1,1,Kentucky,1,56,7,3,6,1,0,0,0,0,violent,1, ,1, , ,2,7,6,7,6,7,81,1
2/4/2022 16:02:30,2/4/2022 16:06:12,0,76.19.179.8,100,222,1,2/4/2022 16:06:13,R_1OxWaplpEtuxn9X, , , , ,44.392303466796875,-73.2147979736328125,anonymous,EN,1,3,3,2,5,2,5,2,2,7,5,1,4,2,4,6,4,1,5,1,4,3,1,1,Vermont,1,54,6,6,6,0,0,0,0,0,violent,1, , ,1, ,2,6,3,7,6,7,61,2
2/5/2022 14:25:51,2/13/2022 15:57:37,0,134.181.104.145,100,696705,1,2/13/2022 15:57:37,R_3qerAgWsewQkRUi, , , , ,44.096893310546875,-70.18630218505859375,anonymous,EN,1,3,3,3,3,3,3,7,1,7,1,1,7,1,7,7,7,1,7,5,1,10, , , , , , , , ,0,0,0,0,0,violent,1, , , ,1,2,7,7,7,7,7,84,3
2/5/2022 14:27:18,2/5/2022 14:32:21,0,160.39.125.155,100,303,1,2/5/2022 14:32:22,R_2ToDcoX2Uz9NM3O, , , , ,40.8123016357421875,-73.96820068359375,anonymous,EN,1,3,2,2,3,3,5,6,2,6,1,1,7,2,6,7,6,1,7,5,4,10,2,1,DC,1,21,6,6,3,1,0,0,0,0,violent,1, ,1, , ,2,6,7,7,6,7,78,1
2/5/2022 14:27:29,2/5/2022 14:41:55,0,149.137.159.21,100,865,1,2/5/2022 14:41:55,R_Ofj0oOdIOpzXt5f, , , , ,37.7765960693359375,-121.95040130615234375,anonymous,EN,1,3,3,2,2,4,3,7,2,7,2,1,7,2,3,7,7,1,7,5,1,10,2,1, ,1,20,7,1,3,1,1,1,0,1,violent,1, ,1, , ,2,6,6,7,6,7,77,1
2/5/2022 14:29:14,2/5/2022 14:38:33,0,108.208.169.24,100,558,1,2/5/2022 14:38:33,R_2zXTNb1pedsXqx9, , , , ,30.400299072265625,-87.02880096435546875,anonymous,EN,1,5,5,3,3,2,4,4,2,7,1,1,7,2,6,7,7,1,6,5,3,4,2,1,Florida,3,76,6,4,6,1,0,0,0,0,non-violent, ,1,1, , ,1,6,7,7,6,7,77,1
2/5/2022 14:32:19,2/5/2022 14:38:01,0,160.39.125.26,100,342,1,2/5/2022 14:38:02,R_1EaMfWqJe1191LJ, , , , ,40.8123016357421875,-73.96820068359375,anonymous,EN,1,5,5,2,3,5,2,7,1,7,2,1,7,1,7,7,7,1,7,5,2,10,2,1,Oregon,1,20,7,5,3,0,0,0,0,0,non-violent, ,1, , ,1,1,7,6,7,7,7,83,3
2/5/2022 14:44:02,2/5/2022 19:50:33,0,155.41.40.14,100,18390,1,2/5/2022 19:50:33,R_3qDM8yibqeV6KL5, , , , ,42.346405029296875,-71.097503662109375,anonymous,EN,1,5,4,3,2,5,4,6,1,7,1,1,7,1,7,7,7,1,7,5,4,10,2,1,California,3,21,6,6,3,0,0,0,0,0,non-violent, ,1,1, , ,1,7,7,7,7,7,83,1
2/5/2022 14:51:37,2/5/2022 20:01:41,0,157.131.141.117,100,18603,1,2/5/2022 20:01:41,R_bBNOzQr2rUxWE7v, , , , ,37.89190673828125,-122.2635955810546875,anonymous,EN,1,5,5,1,1,5,2,7,1,7,1,1,7,1,7,7,7,1,7,5,1,10,3,1,California,1,22,7,6,3,0,0,0,0,1,non-violent, ,1, , ,1,1,7,7,7,7,7,84,3
2/5/2022 14:59:46,2/5/2022 15:07:30,0,166.137.171.64,100,463,1,2/5/2022 15:07:30,R_3HIwlD0AUDaumgX, , , , ,45.5247955322265625,-122.67890167236328125,anonymous,EN,1,5,4,3,3,5,4,6,4,7,2,2,7,5,7,7,7,1,7,5,4,10,1,1,Oregon,3,53,6,6,7,0,0,0,0,1,non-violent, ,1,1, , ,1,4,6,6,3,7,74,1
2/5/2022 16:58:03,2/5/2022 17:08:22,0,156.146.51.72,100,619,1,2/5/2022 17:08:23,R_3qQBcCF1b984fbE, , , , ,47.6033935546875,-122.341400146484375,anonymous,EN,1,4,4,3,1,4,3,7,1,7,1,1,7,5,6,5,6,1,7,5,2,10,2,1,Oregon,3,52,6,6,7,1,0,0,0,0,violent,1, ,1, , ,2,7,7,7,3,7,76,1
2/6/2022 18:27:32,2/6/2022 18:39:39,0,104.10.136.137,100,727,1,2/6/2022 18:39:39,R_2ohM5h4QFJdzckh, , , , ,29.7501983642578125,-95.47100067138671875,anonymous,EN,1,5,4,3,3,1,5,2,4,4,5,5,5,1,7,7,6,1,5,5,5,4,1,1,Texas,3,53,2,6,6,0,0,1,0,0,non-violent, ,1,1, , ,1,4,3,3,7,7,60,1
2/6/2022 18:55:59,2/6/2022 19:01:22,0,104.10.136.137,100,322,1,2/6/2022 19:01:22,R_3PSTuOFjjWJs001, , , , ,29.7501983642578125,-95.47100067138671875,anonymous,EN,1,3,3,1,2,2,5,4,4,3,5,2,6,4,5,6,4,1,5,5,2,4,2,1,Texas,3,48,2,6,6,0,0,0,0,0,non-violent, ,1,1, , ,1,4,3,6,4,7,57,1
2/6/2022 20:58:07,2/6/2022 21:18:26,0,73.137.62.208,100,1219,1,2/6/2022 21:18:26,R_1GlQReiCPAfBG7f, , , , ,33.7657012939453125,-84.29509735107421875,anonymous,EN,1,4,4,3,4,4,3,5,3,5,3,2,7,4,5,6,7,2,6,4,3,4,2,4,georgia,3,22,6,6,5,0,0,0,0,0,non-violent, ,1, , ,1,1,5,5,6,4,6,67,3
2/6/2022 21:44:40,2/6/2022 22:04:52,0,64.98.193.190,100,1211,1,2/6/2022 22:04:53,R_2EujVyGcxP2P2Cr, , , , ,32.9936981201171875,-117.259796142578125,anonymous,EN,1,4,4,1,1,1,1,7,3,7,1,1,7,4,6,6,7,1,7,1,1,10,2,1,California,3,26,2,3,6,0,0,0,0,0,violent,1, , ,1, ,2,5,7,7,4,7,77,2
2/7/2022 0:47:45,2/7/2022 0:52:52,0,141.161.13.251,100,307,1,2/7/2022 0:52:53,R_WkVeiYNDBG7Ps2J, , , , ,38.917205810546875,-77.07089996337890625,anonymous,EN,1,5,4,1,3,4,3,7,1,7,1,1,7,3,7,7,7,1,7,4,2,4,3,4,New York,3,20,6,5,3,1,0,0,0,0,non-violent, ,1,1, , ,1,7,7,7,5,7,82,1
2/7/2022 1:34:06,2/7/2022 1:36:29,0,74.101.51.81,100,142,1,2/7/2022 1:36:29,R_1etqWUUFDuyoVpL, , , , ,40.7156982421875,-74,anonymous,EN,1,3,3,3,3,3,3,4,4,4,4,4,4,5,3,4,5,4,4,4,2,2,1,4,New York,1,19,4,6,5,0,0,0,0,0,non-violent, ,1,1, , ,1,4,4,4,3,4,47,1
2/7/2022 1:37:50,2/7/2022 1:44:20,0,129.161.221.169,100,389,1,2/7/2022 1:44:20,R_12yuOKSgGkLcn7W, , , , ,42.727294921875,-73.6696014404296875,anonymous,EN,1,1,1,1,1,1,1,7,7,1,7,7,1,7,3,4,1,1,1,3,2,2,1,4,NY,2,21,2,3,3,0,0,0,0,0,non-violent, ,1, ,1, ,1,1,1,1,1,7,29,2
2/7/2022 2:14:26,2/7/2022 2:21:38,0,140.233.175.213,100,431,1,2/7/2022 2:21:38,R_2VPJ8n8g59ziTVY, , , , ,43.9922027587890625,-73.1645965576171875,anonymous,EN,1,2,3,3,4,3,5,3,3,3,6,2,5,4,4,6,4,2,5,3,4,1,1,4,Vermont,2,19,5,6,5,1,1,1,0,0,non-violent, ,1, ,1, ,1,5,2,6,4,6,53,2
2/7/2022 2:34:00,2/7/2022 2:38:30,0,182.239.117.46,100,270,1,2/7/2022 2:38:31,R_XBRdHHWICgjZG01, , , , ,22.290802001953125,114.15008544921875,anonymous,EN,1,4,3,2,5,4,5,5,4,3,5,1,7,4,7,7,5,1,7,4,2,4,2,4,hong kong,1,19,6,4,2,0,0,0,0,0,non-violent, ,1, , ,1,1,4,3,7,4,7,66,3
2/7/2022 8:19:59,2/7/2022 8:27:20,0,171.252.154.75,100,440,1,2/7/2022 8:27:20,R_6PzbyaPUnYOzCvf, , , , ,10.8325958251953125,106.658111572265625,anonymous,EN,1,3,4,2,3,5,2,5,4,4,1,4,7,5,3,7,7,1,7,5,3,10,2,4,Vietnam,4,18,4,1,2,0,0,0,0,0,non-violent, ,1,1, , ,1,4,7,4,3,7,65,1
2/7/2022 8:32:51,2/7/2022 8:38:05,0,35.3.78.180,100,314,1,2/7/2022 8:38:05,R_2VJybQxv2Fp7trK, , , , ,42.2803955078125,-83.7324981689453125,anonymous,EN,1,3,2,2,2,2,2,2,5,3,3,3,5,4,4,6,5,4,4,4,3,10,2,4,China,1,20,4,4,3,0,0,0,0,0,non-violent, ,1,1, , ,1,3,5,5,4,4,50,1
2/7/2022 8:57:14,2/7/2022 9:07:47,0,168.122.2.114,100,633,1,2/7/2022 9:07:48,R_8dbUfGvkUFsz2Rb, , , , ,42.346405029296875,-71.097503662109375,anonymous,EN,1,1,3,3,3,4,4,1,7,4,7,6,6,7,5,5,1,4,1,4,4,4,1,4,MA,1,21,3,6,5,1,0,0,1,0,violent,1, ,1, , ,2,1,1,2,1,4,32,1
2/7/2022 9:00:44,2/7/2022 9:10:16,0,170.140.104.107,100,572,1,2/7/2022 9:10:16,R_3PmBHbXpNdwjmY5, , , , ,33.794097900390625,-84.3249969482421875,anonymous,EN,1,4,4,3,4,3,5,7,2,5,2,1,7,2,7,7,7,1,7,5,5,10,1,4,Georgia state,1,19,6,6,3,0,0,0,0,1,violent,1, ,1, , ,2,6,6,7,6,7,79,1
2/7/2022 9:20:50,2/7/2022 9:22:27,0,171.252.154.75,100,97,1,2/7/2022 9:22:27,R_1DIQ8rjfswYfJ81, , , , ,10.8325958251953125,106.658111572265625,anonymous,EN,1,2,3,3,5,3,2,6,2,4,5,3,6,2,4,2,5,4,6,5,2,10,3,4,Vietnam,1,23,3,1,2,0,0,0,0,0,non-violent, ,1, ,1, ,1,6,3,5,6,4,57,2
2/7/2022 9:22:36,2/7/2022 9:37:43,0,171.252.154.75,100,906,1,2/7/2022 9:37:43,R_2DXIBNDUMtG75Tl, , , , ,10.8325958251953125,106.658111572265625,anonymous,EN,1,4,1,2,4,4,1,6,5,4,3,2,1,2,3,4,5,6,7,5,4,3,4,4,Vietnam,3,28,2,3,6,0,0,0,0,0,non-violent, ,1,1, , ,1,3,5,6,6,2,52,1
2/7/2022 9:27:13,2/7/2022 9:28:50,0,171.252.154.75,100,97,1,2/7/2022 9:28:50,R_x40nSer1C6tvE2Z, , , , ,10.8325958251953125,106.658111572265625,anonymous,EN,1,3,3,5,1,5,1,4,3, ,1,7,2,6,3,6,3,5,1,4,1,4,1,4,Vietnam,5,30,5,2,6,0,0,0,0,0,violent,1, ,1, , ,2,5,7,1,2,3,37,1
2/7/2022 9:44:46,2/7/2022 9:48:20,0,168.122.12.31,100,214,1,2/7/2022 9:48:20,R_1jMMffBUiSvUDW6, , , , ,42.346405029296875,-71.097503662109375,anonymous,EN,1,5,5,3,4,3,4,6,5,5,6,6,6,7,5,6,5,5,5,4,4,4,1,4,MA,1,20,6,5,2,0,0,0,0,0,non-violent, ,1, ,1, ,1,3,2,2,1,3,49,2
2/7/2022 10:21:39,2/7/2022 10:26:31,0,172.112.186.63,100,291,1,2/7/2022 10:26:31,R_2v2EblU0izfGFPX, , , , ,34.0648040771484375,-118.44139862060546875,anonymous,EN,1,5,5,1,2,5,2,7,1,7,1,1,7,1,7,7,7,1,7,5,3,10,2,1,California,1,19,7,6,3,0,0,0,0,0,non-violent, ,1, ,1, ,1,7,7,7,7,7,84,2
2/7/2022 10:26:53,2/7/2022 10:31:04,0,174.215.0.88,100,250,1,2/7/2022 10:31:04,R_1It3CXHm5EbzyO9, , , , ,39.7277069091796875,-104.98149871826171875,anonymous,EN,1,4,2,3,2,4,3,3,2,3,5,1,6,3,5,7,5,1,5,5,3,10,2,1,Colorado,2,20,3,6,3,0,0,0,1,0,violent,1, , ,1, ,2,6,3,7,5,7,62,2
2/7/2022 11:58:30,2/7/2022 12:06:11,0,87.101.92.119,100,460,1,2/7/2022 12:06:12,R_2crrgkqHUWmpuSd, , , , ,45.4994049072265625,-73.5702972412109375,anonymous,EN,1,5,4,3,3,3,4,3,1,7,5,1,6,2,7,7,4,1,5,5,4,2,1,1,"Fairfield County, CT",3,22,6,6,3,1,1,1,0,0,non-violent, ,1, , ,1,1,7,3,7,6,7,69,3
2/7/2022 12:12:36,2/7/2022 12:16:09,0,129.210.115.229,100,212,1,2/7/2022 12:16:09,R_2SrGzU7MD62MiX1, , , , ,37.35260009765625,-121.9541015625,anonymous,EN,1,3,4,3,4,5,5,5,1,6,3,2,7,3,7,7,7,1,7,5,1,10,2,1,California(uni) /Texas,4,20,6,6,5,0,0,1,0,0,violent,1, , , ,1,2,7,5,6,5,7,76,3
2/7/2022 13:54:59,2/7/2022 14:02:44,0,107.77.215.76,100,465,1,2/7/2022 14:02:45,R_3ptjw0i7buMJUGv, , , , ,25.76409912109375,-80.27020263671875,anonymous,EN,1,4,3,2,2,2,4,5,3,5,4,3,7,3,4,3,5,1,4,5,2,4,2,1,CT,1,51,4,3,5,0,0,0,0,0,non-violent, ,1, , ,1,1,5,4,5,5,7,59,3
2/7/2022 14:25:29,2/7/2022 14:30:26,0,173.11.238.173,100,296,1,2/7/2022 14:30:26,R_YWY9nozEjfpoD8R, , , , ,29.7422027587890625,-95.49030303955078125,anonymous,EN,1,3,4,1,2,2,2,6,4,5,4,1,7,2,6,6,5,1,5,5,2,4,1,1,Texas,3,18,2,6,1,0,0,0,0,0,violent,1, , ,1, ,2,4,4,7,6,7,68,2
2/8/2022 10:32:02,2/8/2022 10:36:54,0,52.124.33.185,100,292,1,2/8/2022 10:36:55,R_31c3aA4MVGyEIaC, , , , ,38.9965057373046875,-76.93399810791015625,anonymous,EN,1,4,5,3,3,4,4,7,4,7,5,2,7,4,6,7,7,1,7,5,1,10,1,1,Missouri,2,21,6,5,2,0,1,0,0,0,non-violent, ,1, , ,1,1,4,3,6,4,7,72,3
2/8/2022 10:37:08,2/8/2022 10:41:39,0,134.173.248.4,100,270,1,2/8/2022 10:41:39,R_2ZZzcze8FU7jfPX, , , , ,34.109100341796875,-117.7126007080078125,anonymous,EN,1,4,5,1,2,5,2,7,1,7,1,1,7,1,7,7,7,1,7,5,1,10,2,1,Missouri,1,21,7, ,3,0,0,0,0,0,violent,1, , , ,1,2,7,7,7,7,7,84,3
2/8/2022 11:49:09,2/8/2022 11:55:31,0,50.231.76.98,100,381,1,2/8/2022 11:55:31,R_PSdkdaoaFTAF00p, , , , ,42.456695556640625,-71.37470245361328125,anonymous,EN,1,4,4,3,2,4,4,6,2,5,2,1,6,2,6,5,5,1,7,5,2,10,2,1,Mashachusetts,3,50,6,6,6,0,0,0,0,0,non-violent, ,1, , ,1,1,6,6,7,6,7,72,3
2/8/2022 12:33:14,2/8/2022 12:38:07,0,74.77.168.105,100,292,1,2/8/2022 12:38:07,R_3lYYHCx6pKa8K8e, , , , ,43.7339935302734375,-70.2624969482421875,anonymous,EN,1,4,4,3,4,5,5,5,1,7,1,1,7,1,7,7,7,1,7,5,1,10,2,1,Maine,2,52,7,6,7,0,0,0,0,0,violent,1, , ,1, ,2,7,7,7,7,7,82,2
2/8/2022 12:54:22,2/8/2022 13:46:08,0,98.0.49.18,100,3106,1,2/8/2022 13:46:09,R_3q84Dndxk6fdD8S, , , , ,43.6016998291015625,-70.2353973388671875,anonymous,EN,1,5,4,2,3,4, ,6,1,7, ,1,7,2,7,7,6,1,7,5,4,4,1,1,Maine,1,50,6,3,5,0,1,0,0,0,non-violent, ,1, ,1, ,1,7, ,7,6,7,74,2
2/8/2022 13:54:33,2/8/2022 14:05:39,0,69.148.30.17,100,666,1,2/8/2022 14:05:40,R_3KUU6p6K6ivFkwy, , , , ,38.6663970947265625,-90.32199859619140625,anonymous,EN,1,3,3,2,3,4,5,2,3,7,2,1,7,3,6,7,4,1,6,5,4,10,2,1,Missouri,1,60,7,5,6,1,1,1,1,1,violent,1, ,1, , ,2,5,6,7,5,7,69,1
2/8/2022 14:18:36,2/8/2022 14:28:34,0,73.234.172.47,100,597,1,2/8/2022 14:28:34,R_Z3IRngTwWiXSwb7, , , , ,42.3737030029296875,-71.1284027099609375,anonymous,EN,1,5,5,1,1,5,5,7,1,7,1,1,7,1,7,7,7,1,7,5,1,4,1,1,Massachusetts,1,24,7,4,5,0,0,0,0,0,non-violent, ,1,1, , ,1,7,7,7,7,7,84,1
2/8/2022 14:20:14,2/8/2022 14:24:03,0,155.33.135.11,100,229,1,2/8/2022 14:24:04,R_3hcnciRa4nxCAJ7, , , , ,42.3426971435546875,-71.09220123291015625,anonymous,EN,1,4,5,3,2,4,4,2,4,5,5,3,6,4,5,6,5,1,6,5,4,10,2,1,California/Massachusetts,2,19,6,6,3,0,0,0,0,0,non-violent, ,1,1, , ,1,4,3,5,4,7,58,1
2/8/2022 16:26:02,2/8/2022 16:33:03,0,173.48.177.115,100,421,1,2/8/2022 16:33:03,R_3CJcwuzLkmfL2H5, , , , ,42.39349365234375,-71.18360137939453125,anonymous,EN,1,5,4,1,3,3,3,4,1,7,1,1,7,1,7,7,7,1,7,5,1,10,2,1,Massachusetts,2,77,7,6,5,0,0,0,0,0,non-violent, ,1, , ,1,1,7,7,7,7,7,81,3
2/8/2022 16:50:08,2/8/2022 16:54:09,0,155.33.133.37,100,241,1,2/8/2022 16:54:10,R_2wn9DmmyLXKnlnU, , , , ,42.3426971435546875,-71.09220123291015625,anonymous,EN,1,4,5,2,4,4,2,4,2,7,4,2,6,4,5,5,6,1,7,5,1,4,1,1,Massachusetts,1,19,6,4,3,0,0,0,0,0,non-violent, ,1,1, , ,1,6,4,6,4,7,67,1
2/8/2022 17:44:01,2/8/2022 17:52:14,0,66.189.122.226,100,492,1,2/8/2022 17:52:15,R_32VJWeOuP4oIhcY, , , , ,42.3090972900390625,-71.80010223388671875,anonymous,EN,1,4,5,2,5,4,5,7,4,6,3,1,6,3,5,6,5,1,6,5,4,4,1,1,New Hampshire,2,19,5,4,3,0,0,0,0,0,violent,1, , , ,1,2,4,5,7,5,7,69,3
2/8/2022 19:20:02,2/8/2022 19:24:40,0,67.252.28.199,100,277,1,2/8/2022 19:24:40,R_2ZDYSogoCR7ZVxP, , , , ,42.6898956298828125,-73.733001708984375,anonymous,EN,1,2,3,2,3,3,3,1,4,4,3,1,7,6,4,4,4,4,4,5,1,2,1,1,New York,3,22,3,6,5,0,0,0,0,0,violent,1, , ,1, ,2,4,5,7,2,4,50,2
2/8/2022 20:29:04,2/8/2022 20:32:42,0,68.82.12.14,100,217,1,2/8/2022 20:32:42,R_bjFzkVidD4GLpWp, , , , ,39.9842987060546875,-75.22660064697265625,anonymous,EN,1,4,4,3,4,4,5,3,2,4,5,2,6,5,5,4,5,2,5,5,4,2,1,1,Pennsylvania,2,20,5,6,3,1,0,1,0,1,non-violent, ,1, ,1, ,1,6,3,6,3,6,56,2
2/8/2022 20:29:07,2/8/2022 20:33:41,0,153.104.35.17,100,273,1,2/8/2022 20:33:41,R_3eqUj8kAgtRdul2, , , , ,40.0428009033203125,-75.3506011962890625,anonymous,EN,1,3,3,2,2,3,4,3,3,5,4,3,5,4,3,5,5,2,5,5,4,2,1,1,Virginia,4,20,2,6,3,0,0,0,0,0,violent,1, , , ,1,2,5,4,5,4,6,55,3
2/8/2022 20:30:13,2/8/2022 20:36:37,0,68.82.12.14,100,383,1,2/8/2022 20:36:37,R_qIY1iGwwkAmEuul, , , , ,39.9842987060546875,-75.22660064697265625,anonymous,EN,1,4,4,2,2,5,3,2,1,7,3,1,7,2,7,6,7,2,4,5,2,2,1,7,District of Colombia,3,20,3,6,3,1,0,0,0,0,violent,1, , , ,1,2,7,5,7,6,6,71,3
2/8/2022 20:48:29,2/8/2022 20:55:02,0,69.140.159.46,100,393,1,2/8/2022 20:55:03,R_23eELZWteKWhtTK, , , , ,39.001495361328125,-77.096099853515625,anonymous,EN,1,4,3,3,4,5,4,1,1,7,5,1,7,1,4,7,7,1,7,5,5,4,1,1,Maryland,5,53,2,6,7,1,1,1,1,1,non-violent, ,1,1, , ,1,7,3,7,7,7,71,1
2/8/2022 21:23:02,2/8/2022 21:29:50,0,173.66.201.12,100,408,1,2/8/2022 21:29:51,R_ZBFNjZaHBEInwhb, , , , ,38.9779052734375,-77.080596923828125,anonymous,EN,1,4,4,3,1,3,4,6,2,7,4,1,7,3,7,7,7,1,7,5,2,10,2,6,Maryland,3,59,6,6,6,0,0,0,0,0,non-violent, ,1,1, , ,1,6,4,7,5,7,77,1
2/8/2022 22:33:55,2/8/2022 22:39:51,0,67.240.6.75,100,355,1,2/8/2022 22:39:51,R_2RVebkutzUWBhyR, , , , ,42.9380035400390625,-74.185302734375,anonymous,EN,1,5,4,2,1,5,5,1,4,7,5,1,7,2,5,4,4,1,7,5,5,10,1,1,Massachusetts,3,58,6,6,7,0,1,0,0,0,non-violent, ,1, ,1, ,1,4,3,7,6,7,62,2
2/8/2022 23:33:33,2/8/2022 23:55:56,0,107.77.236.142,100,1342,1,2/8/2022 23:55:56,R_1LpwJvSnoPxraxw, , , , ,33.748504638671875,-84.3871002197265625,anonymous,EN,1,4,4,2,3,1,2,6,3,7,1,1,7,2,6,6,6,1,6,5,2,10,1,1,Missouri,1,65,6,5,5,1,1,1,0,1,non-violent, ,1, ,1, ,1,5,7,7,6,7,76,2
2/9/2022 13:15:01,2/15/2022 19:11:17,0,67.255.216.234,78,539776,0,2/22/2022 19:11:20,R_qIaAx7DjEo8Qp6V, , , , , , ,anonymous,EN,1,3,3,3,3,3,3,4,4,4,4,4,4,4,4,4,4,4,4,3,3,3, , , , , , , , ,0,0,0,0,0,non-violent, ,1, ,1, ,1,4,4,4,4,4,48,2
2/9/2022 16:00:11,2/9/2022 16:01:06,0,134.181.121.207,100,54,1,2/9/2022 16:01:06,R_bDawEmDwSYYAKNX, , , , ,44.096893310546875,-70.18630218505859375,anonymous,EN,1,5,5, , , , , , , , , , , , , , , , , , , , , , , , , , , ,0,0,0,0,0,non-violent, ,1, ,1, ,1, , , , , , ,2
2/9/2022 18:54:43,2/9/2022 19:07:04,0,134.181.121.207,100,741,1,2/9/2022 19:07:05,R_DwWmdZ8CbFrqDT3, , , , ,44.096893310546875,-70.18630218505859375,anonymous,EN,1, ,4, , , , , , , , , , , , , , , , , , , , , , , , , , , ,0,0,0,0,0,violent,1, , ,1, ,2, , , , , , ,2
2/9/2022 19:07:13,2/9/2022 19:23:49,0,134.181.121.207,100,995,1,2/9/2022 19:23:49,R_2rp9kQwvwVz7Xv2, , , , ,44.096893310546875,-70.18630218505859375,anonymous,EN,1, ,5, , , , , , , , , , , , , , , , , , , , , , , , , , , ,0,0,0,0,0,non-violent, ,1, , ,1,1, , , , , , ,3
2/9/2022 19:24:46,2/9/2022 19:25:47,0,134.181.121.207,100,61,1,2/9/2022 19:25:48,R_1K3DokuRMa6MH7w, , , , ,44.096893310546875,-70.18630218505859375,anonymous,EN,1, ,5, , , , , , , , , , , , , , , , , , , , , , , , , , , ,0,0,0,0,0,violent,1, , , ,1,2, , , , , , ,3
2/9/2022 20:02:09,2/16/2022 6:58:36,0,134.181.105.240,78,557787,0,2/23/2022 6:58:43,R_2zMGODJPX6oQcOb, , , , , , ,anonymous,EN,1,3,3,3,3,3,3,4,4,4,4,4,4,4,4,4,4,4,4,3,3,3, , , , , , , , ,0,0,0,0,0,non-violent, ,1,1, , ,1,4,4,4,4,4,48,1
2/9/2022 20:09:00,2/9/2022 20:14:01,0,107.77.224.149,100,300,1,2/9/2022 20:14:01,R_3O8rvyGYazrbUYp, , , , ,40.76519775390625,-73.95880126953125,anonymous,EN,1,4,2,4,3,4,5,6,4,2,5,2,5,3,7,7,1,2,5,4,3,10,2,4,CT,1,20,5,5,5,0,0,0,0,0,non-violent, ,1, ,1, ,1,4,3,6,5,6,57,2
2/9/2022 20:11:16,2/9/2022 20:24:05,0,143.44.65.126,100,768,1,2/9/2022 20:24:05,R_x9tfqVaZAGExDJT, , , , ,44.2769927978515625,-88.40110015869140625,anonymous,EN,1,2,2,3,2,4,4,2,4,4,5,3,5,5,5,6,4,3,4,4,4,4,2,4,China,1,19,4,5,3,0,0,0,0,0,non-violent, ,1, , ,1,1,4,3,5,3,5,50,3
2/9/2022 20:29:33,2/9/2022 20:43:58,0,128.230.164.175,100,864,1,2/9/2022 20:43:58,R_237DFWT566MFJHB, , , , ,43.0316009521484375,-76.1352996826171875,anonymous,EN,1,3,3,3,2,3,4,2,3,4,4,3,7,3,4,3,5,4,5,3,3,10,2,4,New York,1,19,4,6,2,0,0,0,0,0,non-violent, ,1, ,1, ,1,5,4,5,5,4,53,2
2/9/2022 20:30:14,2/9/2022 20:36:40,0,76.94.209.93,100,385,1,2/9/2022 20:36:40,R_2dgpHC1ik9NDV2r, , , , ,34.037994384765625,-118.45439910888671875,anonymous,EN,1,4,4,4,5,3,5,2,1,2,4,4,5,4,7,7,7,3,7,4,2,10,2,4,California,1,22,5,2,5,0,0,0,0,0,non-violent, ,1,1, , ,1,7,4,4,4,5,61,1
2/10/2022 8:04:55,2/10/2022 8:07:51,0,192.42.89.150,100,176,1,2/10/2022 8:07:52,R_ZIblCSBPx9vqXrX, , , , ,42.310394287109375,-71.27410125732421875,anonymous,EN,1,5,5,1,2,5,3,7,1,7,1,1,7,1,7,7,7,1,7,5,3,10,2,1,Massachusetts,1,20,7,6,3,1,0,0,0,0,non-violent, ,1, , ,1,1,7,7,7,7,7,84,3
2/10/2022 9:24:15,2/10/2022 9:31:25,0,74.77.168.105,100,429,1,2/10/2022 9:31:25,R_1pu4YKlvneP8xpF, , , , ,43.7339935302734375,-70.2624969482421875,anonymous,EN,1,5,3,3,1,2,5,4,4,5,4,6,7,4,6,7,5,1,6,5,4,1,1,1,Maine,2,51,5,6,7,0,0,0,0,0,violent,1, ,1, , ,2,4,4,2,4,7,61,1
2/10/2022 14:09:44,2/10/2022 14:15:12,0,12.186.110.122,100,327,1,2/10/2022 14:15:12,R_2EfTKH0m1RgKyPN, , , , ,38.5558929443359375,-121.739105224609375,anonymous,EN,1,2,4,3,1,4,3,1,2,7,1,5,6,5,7,6,6,7,7,5,1,2,1,1,California,1,24,5,2,5,0,0,0,0,0,violent,1, ,1, , ,2,6,7,3,3,1,60,1
2/10/2022 14:45:01,2/10/2022 14:52:34,0,157.238.139.162,100,453,1,2/10/2022 14:52:34,R_1hFnZj765tesHVW, , , , ,43.2584991455078125,-77.66950225830078125,anonymous,EN,1,2,3,1,2,3,4,1,4,5,3,5,5,4,5,4,5,2,5,5,2,4,2,1,new york,4,55,2,3,5,1,0,1,0,1,violent,1, ,1, , ,2,4,5,3,4,6,52,1
2/10/2022 16:42:51,2/11/2022 17:11:37,0,73.16.239.84,100,88125,1,2/11/2022 17:11:37,R_1pR2ZLU3wSnDz0X, , , , ,44.392303466796875,-73.2147979736328125,anonymous,EN,1,4,4,2,2,2,1,2,4,7,4,1,7,4,7,7,6,1,6,1,3,4,2,1,Vermont,1,60,6,3,5,0,0,0,0,0,non-violent, ,1, , ,1,1,4,4,7,4,7,68,3
2/10/2022 17:19:46,2/10/2022 17:30:22,0,67.244.143.233,100,636,1,2/10/2022 17:30:23,R_33pg9eRgMGFGTya, , , , ,43.0908050537109375,-77.4347991943359375,anonymous,EN,1,4,1,2,1,2,5,1,4,5,5,4,7,5,6,7,5,2,4,5,1,3,1,1,New York,2,56,2,5,6,0,0,1,0,0,non-violent, ,1,1, , ,1,4,3,4,3,6,55,1
2/12/2022 13:01:13,2/12/2022 13:08:17,0,166.182.248.31,100,424,1,2/12/2022 13:08:17,R_21HyNAac8hI0zoe, , , , ,38.658294677734375,-77.24810028076171875,anonymous,EN,1,4,3,1,3,3,5,2,2,5,3,3,6,3,5,5,5,3,6,5,2,4,1,1,Maine,1,18,4,3,2,0,0,0,0,0,non-violent, ,1,1, , ,1,6,5,5,5,5,60,1
2/12/2022 13:35:08,2/12/2022 13:39:06,0,98.13.88.126,100,238,1,2/12/2022 13:39:06,R_u4dWkctDQy150lP, , , , ,46.87060546875,-68.0204010009765625,anonymous,EN,1,5,4,1,3,5,5,7,1,7,3,1,7,2,7,7,7,1,7,5,2,10,3,1,Maine,3,20,4,2,3,0,1,0,0,0,non-violent, ,1,1, , ,1,7,5,7,6,7,81,1
2/12/2022 13:52:53,2/12/2022 14:28:51,0,198.48.158.131,100,2158,1,2/12/2022 14:28:52,R_3ndCQi2P8ZTDcU0, , , , ,51.085693359375,-114.02339935302734375,anonymous,EN,1,4,4,3,2,4,5,7,1,1,1,1,7,1,7,7,7,1,7,5,1,3,1,4,Canada,1,24,7,4,5,0,0,0,0,0,non-violent, ,1, ,1, ,1,7,7,7,7,7,78,2
2/12/2022 14:09:18,2/12/2022 15:22:20,0,71.181.117.124,100,4381,1,2/12/2022 15:22:20,R_1hL2hAMIhmhX6P1, , , , ,44.4358978271484375,-69.01439666748046875,anonymous,EN,1,2,3,4,5,5,5,7,1,7,1,1,7,3,7,7,6,1,7,5,1,10,2,1,Maine,3,18,7,3,2,0,1,0,0,0,violent,1, , , ,1,2,7,7,7,5,7,81,3
2/12/2022 14:14:31,2/12/2022 14:20:38,0,71.80.82.124,100,366,1,2/12/2022 14:20:38,R_2CdiVblOQF1K4i5, , , , ,35.837005615234375,-84.00800323486328125,anonymous,EN,1,4,4,2,4,2,3,2,4,7,5,4,7,4,5,7,5,1,5,5,3,4,2,1,Tennessee,3,20,6,4,3,0,1,0,0,0,non-violent, ,1,1, , ,1,4,3,4,4,7,60,1
2/12/2022 14:20:47,2/12/2022 14:26:41,0,98.13.87.145,100,353,1,2/12/2022 14:26:41,R_WCAVrbSf6NjPdYZ, , , , ,46.87060546875,-68.0204010009765625,anonymous,EN,1,4,5,3,2,5,5,7,1,7,3,1,7,4,7,6,4,2,7,5,2,3,1,1,Maine,1,19,4,1,2,0,0,0,0,0,non-violent, ,1, , ,1,1,7,5,7,4,6,74,3
2/12/2022 15:10:01,2/12/2022 15:14:39,0,71.181.117.124,100,278,1,2/12/2022 15:14:40,R_1ezNYndXlbpb2wB, , , , ,44.4358978271484375,-69.01439666748046875,anonymous,EN,1,4,3,3,2,3,3,7,1,7,7,1,7,1,7,7,7,1,7,5,4,4,2,1,Maine,1,46,6,3,6,0,0,0,0,0,violent,1, ,1, , ,2,7,1,7,7,7,78,1
2/13/2022 15:17:06,2/13/2022 15:21:45,0,5.151.173.1,100,278,1,2/13/2022 15:21:45,R_uw99VrLhaG1VhO9, , , , ,56.4597015380859375,-2.9774932861328125,anonymous,EN,1,3,4,3,4,4,3,7,1,7,2,1,7,3,7,7,7,1,7,5,2,10,2,1,New Hampshire,1,21,6,5,3,0,0,0,0,0,violent,1, ,1, , ,2,7,6,7,5,7,81,1
2/13/2022 15:17:46,2/13/2022 15:28:39,0,134.181.125.170,100,653,1,2/13/2022 15:28:39,R_2dXtCh0wyWSnPbn, , , , ,40.957000732421875,-73.8246002197265625,anonymous,EN,1,4,4, , , , , , , , , , , , , , , , , , , , , , , , , , , ,0,0,0,0,0,non-violent, ,1, ,1, ,1, , , , , , ,2
2/13/2022 15:28:45,2/13/2022 15:50:50,0,134.181.125.170,39,1325,0,2/20/2022 15:50:56,R_3HAEQIzdNBxaRcj, , , , , , ,anonymous,EN,1,2,2, , , , , , , , , , , , , , , , , , , , , , , , , , , ,0,0,0,0,0,violent,1, ,1, , ,2, , , , , , ,1
2/13/2022 15:58:14,2/13/2022 16:26:57,0,134.181.104.145,78,1722,0,2/20/2022 16:27:01,R_2dzobNoGNsqC6oz, , , , , , ,anonymous,EN,1,3,3,3,3,3,3,4,4,4,4,4,4,4,4,4,4,4,4, , , , , , , , , , , ,0,0,0,0,0,violent,1, , ,1, ,2,4,4,4,4,4,48,2
2/13/2022 16:47:57,2/13/2022 16:52:50,0,139.140.196.13,100,293,1,2/13/2022 16:52:51,R_2PsRCSuMJFMJJfc, , , , ,43.8970947265625,-69.98169708251953125,anonymous,EN,1,3,3,2,3,3,5,4,2,6,2,2,7,2,6,5,6,2,6,1,1,3,1,1,Maine,3,21,6,4,5,0,1,1,1,1,violent,1, , , ,1,2,6,6,6,6,6,70,3
2/13/2022 17:55:12,2/13/2022 18:09:31,0,174.202.69.214,100,859,1,2/13/2022 18:09:32,R_3ivYrNafdQpUUNr, , , , ,39.9029998779296875,-86.0635986328125,anonymous,EN,1,4,4,1,4,5,4,5,2,7,3,3,7,4,7,6,7,1,6,5,3,4,1,1,Utah,3,22,6,4,5,0,0,0,0,0,non-violent, ,1, ,1, ,1,6,5,5,4,7,72,2
2/14/2022 8:44:48,2/14/2022 8:52:53,0,137.146.121.95,100,484,1,2/14/2022 8:52:53,R_OOx6iuW7hhjcE1z, , , , ,44.55419921875,-69.61789703369140625,anonymous,EN,1,5,4,4,3,5,4,7,1,7,1,1,6,3,7,7,7,1,7,5,1,10,2,1,Vermont,2,21,5,6,3,0,0,1,0,1,non-violent, ,1,1, , ,1,7,7,7,5,7,81,1
2/14/2022 10:17:35,2/19/2022 21:55:09,0,140.233.175.188,100,473853,1,2/19/2022 21:55:09,R_3lxhyEoSpeQyCCG, , , , ,43.9922027587890625,-73.1645965576171875,anonymous,EN,1,4,3,3,3,3,3,5,4,4,3,2,6,3,4,4,5,1,5,1,2,4,2,4,Vermont,3,22,6,1,5,0,0,0,0,0,non-violent, ,1, , ,1,1,4,5,6,5,7,60,3
2/14/2022 10:18:06,2/14/2022 10:21:40,0,128.148.211.103,100,213,1,2/14/2022 10:21:40,R_0BM4ZBmKAgzYqMp, , , , ,41.82440185546875,-71.40799713134765625,anonymous,EN,1,5,5,4,2,5,2,7,1,7,1,1,7,1,7,7,7,1,7,5,3,4,3,1,California,1,18,6,4,2,0,0,0,0,0,non-violent, ,1,1, , ,1,7,7,7,7,7,84,1
2/14/2022 10:23:52,2/14/2022 10:25:01,0,216.3.131.238,27,68,0,2/21/2022 10:25:04,R_2WM6Qs7KQnKCo6Q, , , , , , ,anonymous,EN,1,4,4, , , , , , , , , , , , , , , , , , , , , , , , , , , ,0,0,0,0,0,non-violent, ,1, , ,1,1, , , , , , ,3
2/14/2022 10:27:18,2/14/2022 10:33:49,0,157.131.222.238,100,390,1,2/14/2022 10:33:49,R_2Tq7I78v6hYbqFO, , , , ,37.7469940185546875,-122.43890380859375,anonymous,EN,1,4,3,3,4,2,5,1,4,7,6,5,7,6,7,7,7,1,5,4,1,2,2,1,California,1,51,4,6,6,0,0,0,0,0,violent,1, , , ,1,2,4,2,3,2,7,59,3
2/14/2022 10:55:54,2/14/2022 11:01:10,0,107.77.205.229,100,315,1,2/14/2022 11:01:10,R_1jT9rmOFKrkYBhK, , , , ,47.6033935546875,-122.341400146484375,anonymous,EN,1,4,3,2,4,4,4,6,2,6,2,2,7,4,5,7,6,1,6,5,2,4,2,1,California,2,18,4,2,3,0,0,0,0,0,non-violent, ,1, ,1, ,1,6,6,6,4,7,72,2
2/14/2022 12:34:41,2/14/2022 12:45:27,0,66.205.169.85,100,646,1,2/14/2022 12:45:28,R_1OBU7wBSUhF1a7i, , , , ,41.7024993896484375,-86.24230194091796875,anonymous,EN,1,3,4,2,3,4,3,7,1,7,2,1,7,2,7,7,7,4,7,5,3,10,2,6,California,1,20,6,2,3,0,0,0,0,0,violent,1, ,1, , ,2,7,6,7,6,4,79,1
2/14/2022 13:52:06,2/14/2022 13:58:06,0,155.247.134.13,100,359,1,2/14/2022 13:58:06,R_3jVUQhN92wnyvWW, , , , ,40.0345001220703125,-75.11930084228515625,anonymous,EN,1,4,4,1,4,2,4,2,3,7,2,1,7,3,3,5,5,1,5,5,4,10,2,1,Pennsylvania,4,53,2,6,6,0,1,0,0,0,non-violent, ,1, , ,1,1,5,6,7,5,7,64,3
2/14/2022 14:28:56,2/14/2022 14:35:33,0,138.110.172.119,100,396,1,2/14/2022 14:35:33,R_ZvCgtA7az7IN5SN, , , , ,42.2339935302734375,-72.58300018310546875,anonymous,EN,1,2,1,4,3,4,5,7,4,1,3,5,7,7,7,1,5,6,7,4,4,10,2,4,MA,1,19,5,1,5,0,0,0,0,0,non-violent, ,1,1, , ,1,4,5,3,1,2,50,1
2/14/2022 14:42:11,2/14/2022 14:46:05,0,63.246.216.210,100,234,1,2/14/2022 14:46:06,R_2dubOYjNp1CXUbm, , , , ,42.711700439453125,-71.16629791259765625,anonymous,EN,1,4,4,5,3,3,5,3,3,7,5,2,7,1,6,7,7,1,7,5,2,4,1,1,maine,3,55,6,5,6,0,0,0,0,0,non-violent, ,1, , ,1,1,5,3,6,7,7,72,3
2/14/2022 15:14:37,2/14/2022 15:19:29,0,71.234.164.198,100,292,1,2/14/2022 15:19:30,R_2Cjtd98TXInqJhX, , , , ,41.793304443359375,-72.73850250244140625,anonymous,EN,1,3,3,2,3,3,5,4,3,5,2,2,7,4,6,7,6,1,6,5,4,3,1,1,Connecticut,2,50,5,6,5,0,0,1,0,0,non-violent, ,1, , ,1,1,5,6,6,4,7,69,3
2/14/2022 15:26:29,2/14/2022 15:29:47,0,72.83.199.203,100,197,1,2/14/2022 15:29:47,R_1jwyDY7kz4E6KWp, , , , ,38.8451995849609375,-77.4651031494140625,anonymous,EN,1,5,4,3,2,3,5,7,5,6,3,1,7,3,7,6,5,1,6,5,2,10,2,4,Virginia,2,26,6,3,5,0,0,0,0,0,non-violent, ,1, , ,1,1,3,5,7,5,7,71,3
2/14/2022 16:23:11,2/14/2022 16:38:58,0,100.0.180.251,100,946,1,2/14/2022 16:38:58,R_3oyYk8OgMKG4WO4, , , , ,42.4279937744140625,-71.061798095703125,anonymous,EN,1,4,4,4,4,5,4,3,3,5,3,1,7,5,6,6,5,1,5,3,3,10,1,1,Massachusetts,2,80,7,4,5,0,1,0,1,1,non-violent, ,1, , ,1,1,5,5,7,3,7,64,3
2/14/2022 16:40:06,2/16/2022 15:13:53,0,134.181.120.241,78,167626,0,2/23/2022 15:13:55,R_3J5iLYLSSwmE7SF, , , , , , ,anonymous,EN,1,3,3,1,4,4,3,7,1,7,2,1,7, , ,7,7,1,7, , , , , , , , , , , ,0,0,0,0,0,non-violent, ,1,1, , ,1,7,6,7, ,7,69,1
2/14/2022 16:53:44,2/14/2022 18:21:00,0,100.0.180.251,100,5236,1,2/14/2022 18:21:01,R_3pi5ffk2v0L3q7K, , , , ,42.4279937744140625,-71.061798095703125,anonymous,EN,1,4,4,4,3,4,5,6,1,6,1,1,6,1,4,7,6,1,7,5,1,4,2,1,Massachusetts,3,88,7,3,3,0,1,0,1,0,non-violent, ,1,1, , ,1,7,7,7,7,7,77,1
2/14/2022 16:56:27,2/14/2022 17:06:44,0,132.198.157.255,100,616,1,2/14/2022 17:06:44,R_1rfACO5O3tFopA6, , , , ,44.4828948974609375,-73.22530364990234375,anonymous,EN,1,4,4,2,5,1,5,2,4,6,7,1,4,1,7,6,2,1,7,5,1,10,1,1,Maine,3,21,3,4,5,0,1,0,0,0,violent,1, , ,1, ,2,4,1,7,7,7,60,2
2/14/2022 20:53:39,2/14/2022 20:57:16,0,98.32.149.13,100,217,1,2/14/2022 20:57:16,R_1HeEmarRdwE7yQ3, , , , ,41.8018035888671875,-87.59929656982421875,anonymous,EN,1,4,3,2,1,3,4,5,2,4,2,1,7,3,4,5,6,1,6,5,2,4,2,4,Illinois,1,21,6,4,3,0,0,0,0,0,non-violent, ,1,1, , ,1,6,6,7,5,7,68,1
2/14/2022 21:37:38,2/14/2022 21:46:56,0,62.20.61.68,100,558,1,2/14/2022 21:46:56,R_pFMjQs9shjnCEb7, , , , ,58.380706787109375,12.323394775390625,anonymous,EN,1,4,4,1,3,4,4,5,3,2,2,1,3,3,2,4,5,1,5,5,2,3,1,1,Connecticut,3,50,4,4,5,1,1,1,1,1,non-violent, ,1, , ,1,1,5,6,7,5,7,56,3
2/14/2022 22:30:36,2/16/2022 10:39:12,0,134.181.120.181,27,130116,0,2/23/2022 10:39:17,R_pSf3HNNstUjXUwV, , , , , , ,anonymous,EN,1,4,4, , , , , , , , , , , , , , , , , , , , , , , , , , , ,0,0,0,0,0,non-violent, ,1, , ,1,1, , , , , , ,3
2/14/2022 22:32:49,2/14/2022 22:39:05,0,104.175.203.114,100,375,1,2/14/2022 22:39:05,R_21Hx0vDXmwXPXSY, , , , ,34.0290069580078125,-118.4004974365234375,anonymous,EN,1,5,5,3,3,5,3,5,4,5,7,1,7,3,7,7,7,1,7,5,4,4,1,1,California,1,23,4,3,4,0,1,1,0,0,non-violent, ,1, , ,1,1,4,1,7,5,7,69,3
2/14/2022 22:56:51,2/16/2022 23:47:08,0,134.173.192.64,100,175816,1,2/16/2022 23:47:08,R_ZpBoYPfdFLxWNmV, , , , ,34.109100341796875,-117.7126007080078125,anonymous,EN,1,3,4,3,4,4,5,4,3,6,6,2,7,1,7,7,7,1,7,4,5,10,2,4,California,3,20,6,4,3,0,0,0,0,0,non-violent, ,1, ,1, ,1,5,2,6,7,7,72,2
2/14/2022 23:03:10,2/14/2022 23:09:50,0,73.13.30.133,100,399,1,2/14/2022 23:09:50,R_1hSGDcnAPiXWcWa, , , , ,40.267303466796875,-74.948699951171875,anonymous,EN,1,4,4,3,4,4,4,3,3,5,4,3,7,3,5,5,5,2,4,5,1,3,1,1,Pennsylvania,3,54,3,6,5,0,0,0,0,0,non-violent, ,1, ,1, ,1,5,4,5,5,6,59,2
2/15/2022 8:26:33,2/15/2022 8:33:44,0,169.244.26.158,100,430,1,2/15/2022 8:33:44,R_3nOsSs5xzJmhq1d, , , , ,43.1544036865234375,-70.658203125,anonymous,EN,1,5,4,4,4,5,5,5,2,7,1,1,7,5,5,7,6,1,6,5,1,10,2,1,Maine,1,47,7,4,6,0,0,0,0,0,non-violent, ,1, , ,1,1,6,7,7,3,7,73,3
2/15/2022 8:45:52,2/15/2022 8:50:42,0,169.244.26.158,100,290,1,2/15/2022 8:50:43,R_UW4gwF7Oyo9Gdix, , , , ,43.1544036865234375,-70.658203125,anonymous,EN,1,4,4,3,4,5,2,7,1,7,1,1,7,2,7,7,7,1,7,5,2,10,2,1,Maine,1,38,7,3,6,0,1,0,0,1,violent,1, , ,1, ,2,7,7,7,6,7,83,2
2/15/2022 8:46:18,2/15/2022 8:49:35,0,169.244.26.158,100,197,1,2/15/2022 8:49:36,R_1nMAlXxIrcKMbFT, , , , ,43.1544036865234375,-70.658203125,anonymous,EN,1,5,5,2,4,5,2,7,1,7,1,1,7,1,7,7,7,1,7,5,1,10,1,4,Maine,1,23,7,2,6,0,0,0,0,0,non-violent, ,1,1, , ,1,7,7,7,7,7,84,1
2/15/2022 8:58:17,2/15/2022 9:05:05,0,169.244.26.158,100,407,1,2/15/2022 9:05:05,R_1Qa3YrclOXrqvSY, , , , ,43.1544036865234375,-70.658203125,anonymous,EN,1,5,4,3,3,3,3,2,3,6,5,1,7,2,5,6,6,1,5,5,1,4,4,7,ME,3, ,6, ,6,0,0,0,0,0,non-violent, ,1,1, , ,1,5,3,7,6,7,65,1
2/15/2022 9:53:43,2/15/2022 9:59:21,0,73.69.42.223,100,338,1,2/15/2022 9:59:22,R_2SuAF62ACt6TmjA, , , , ,41.6645965576171875,-70.3451995849609375,anonymous,EN,1,4,4,3,4,5,2,7,4,7,1,1,7,1,7,7,7,1,7,5,1,10,1,1,Massachusetts,1,48,7,5,5,0,1,0,0,0,violent,1, , , ,1,2,4,7,7,7,7,81,3
2/15/2022 10:16:01,2/15/2022 11:58:28,0,169.244.26.158,100,6147,1,2/15/2022 11:58:28,R_1LjNNE0fmnNgVPs, , , , ,43.1544036865234375,-70.658203125,anonymous,EN,1,3,4,3,3,5,4,4,1,6, ,1,7,2,7, ,6,1,7,5,4,10,2,1,Maine,1,43,7,4,6,0,0,0,0,0,violent,1, , ,1, ,2,7, ,7,6,7,64,2
2/15/2022 11:28:29,2/15/2022 11:32:05,0,169.244.26.158,100,215,1,2/15/2022 11:32:05,R_26haQ7izT3i5VI9, , , , ,43.1544036865234375,-70.658203125,anonymous,EN,1,4,3,2,3,4,3,7,1,6,1,1,7,2,6,6,6,1,7,5,1,10,2,1,Maine,1,45,7,3,6,0,1,0,1,1,violent,1, , , ,1,2,7,7,7,6,7,79,3
2/15/2022 12:05:37,2/15/2022 12:09:04,0,73.13.30.133,100,207,1,2/15/2022 12:09:04,R_1OkRC3bwTqgR841, , , , ,40.267303466796875,-74.948699951171875,anonymous,EN,1,2,3,1,3,2,5,2,3,7,3,1,7,4,4,6,5,1,4,5,4,10,2,1,Pennsylvania,3,53,2,6,6,0,0,0,0,0,violent,1, , , ,1,2,5,5,7,4,7,63,3
2/15/2022 14:10:04,2/15/2022 14:14:29,0,169.244.26.158,100,265,1,2/15/2022 14:14:29,R_2UhZ0dnu3SuSZJV, , , , ,43.1544036865234375,-70.658203125,anonymous,EN,1,5,4,4,3,5,2,7,2,7,1,1,7,4,7,7,7,1,7,5,4,10,1,1,Maine,1,47,6,5,5,0,0,0,0,0,non-violent, ,1,1, , ,1,6,7,7,4,7,80,1
2/15/2022 14:11:00,2/15/2022 14:18:39,0,169.244.26.158,100,458,1,2/15/2022 14:18:39,R_2S16bOT7lgapral, , , , ,43.1544036865234375,-70.658203125,anonymous,EN,1,4,4,2,2,3,4,7,1,1,1,1,7,2,7,7,6,1,7,5,3,4,1,1,Maine,1,31,7,3,6,0,0,0,0,1,violent,1, , ,1, ,2,7,7,7,6,7,76,2
2/15/2022 18:32:23,2/15/2022 18:38:41,0,67.255.216.234,100,378,1,2/15/2022 18:38:42,R_3koF6e5Z0VS5hKq, , , , ,44.096893310546875,-70.18630218505859375,anonymous,EN,1,1,1,1,1,1,5,1,4,1,1,5,2,4,4,4,3,5,6,5,1,3,1,1,Maine,1,21,1,3,2,0,0,1,0,0,non-violent, ,1,1, , ,1,4,7,3,4,3,42,1
2/15/2022 18:46:29,2/15/2022 18:48:46,0,134.181.106.123,100,136,1,2/15/2022 18:48:46,R_qFmoVMfmWls6ijv, , , , ,44.096893310546875,-70.18630218505859375,anonymous,EN,1,3,3,3,3,3,3, , , , , , , , , , , , , , , , , , , , , , , ,0,0,0,0,0,non-violent, ,1, , ,1,1, , , , , , ,3
2/15/2022 19:44:47,2/15/2022 19:51:05,0,134.181.123.170,100,378,1,2/15/2022 19:51:05,R_31mYk8COWjXxnfP, , , , ,44.096893310546875,-70.18630218505859375,anonymous,EN,1,3,3,3,3,3,3, , , , , , ,4,4,4,4,4,4,3,3,3,1,1,ME,1, ,4,1,3,0,0,1,0,0,violent,1, , , ,1,2, , , ,4,4,24,3
2/15/2022 20:44:04,2/15/2022 20:59:05,0,71.192.63.171,100,901,1,2/15/2022 20:59:06,R_2pVwHFyuaMBgP0I, , , , ,42.1300048828125,-72.5803985595703125,anonymous,EN,1,4,3,1,2,1,5,1,4,5,4,3,6,5,5,5,5,1,7,5,2,4,2,1,Massachusetts,3,29,6,5,7,1,1,1,1,1,violent,1, , , ,1,2,4,4,5,3,7,57,3
2/15/2022 21:21:01,2/15/2022 21:49:37,0,134.181.106.123,78,1715,0,2/22/2022 21:49:43,R_31yhTRHq8obWS7n, , , , , , ,anonymous,EN,1,3,3, , , , , , , , , , , , , , , , , , , , , , , , , , , ,0,0,0,0,0,violent,1, ,1, , ,2, , , , , , ,1
2/15/2022 21:25:27,2/15/2022 21:35:16,0,24.6.11.74,100,588,1,2/15/2022 21:35:16,R_3e84aS9MKFBOQzM, , , , ,37.7382965087890625,-122.455596923828125,anonymous,EN,1,5,4,2,3,5,3,7,1,6,4,1,6,2,7,7,6,1,7,4,2,10,2,1,California,1,83,6,4,6,0,0,0,0,0,non-violent, ,1,1, , ,1,7,4,7,6,7,77,1
2/15/2022 22:28:33,2/15/2022 22:32:16,0,174.196.131.95,100,223,1,2/15/2022 22:32:17,R_3hbZM7J1uhcAhMd, , , , ,38.8574066162109375,-77.09999847412109375,anonymous,EN,1,4,4,3,4,4,4,2,5,7,5,2,7,3,3,7,7,2,7,4,3,4,2,4,Virginia,3,28,5,3,6,0,0,0,0,0,violent,1, , ,1, ,2,3,3,6,5,6,63,2
2/15/2022 22:46:37,2/15/2022 23:01:03,0,134.181.126.17,39,865,0,2/22/2022 23:01:10,R_12yHAxDp4px4YOK, , , , , , ,anonymous,EN,1,3,3,3,3,3,3, , , , , , , , , , , , , , , , , , , , , , , ,0,0,0,0,0,non-violent, ,1,1, , ,1, , , , , , ,1
2/16/2022 1:45:25,2/16/2022 1:58:03,0,45.3.80.161,100,757,1,2/16/2022 1:58:03,R_2fCHMWEI0vcmnh1, , , , ,37.253204345703125,-80.43470001220703125,anonymous,EN,1,4,3,2,3,4,4,5,1,7,2,1,7,4,6,7,7,1,7,3,5,10,2,2,Virginia,5,19,5,1,2,0,0,0,0,0,violent,1, , , ,1,2,7,6,7,4,7,77,3
2/16/2022 3:42:27,2/16/2022 3:48:09,0,71.163.163.40,100,342,1,2/16/2022 3:48:09,R_2w53epqIzXeVbhi, , , , ,38.8451995849609375,-77.4651031494140625,anonymous,EN,1,3,4,3,3,4,4,4,5,6,3,2,7,5,6,6,6,1,7,4,2,10,2,6,Virginia,3,19,4,1,2,0,0,0,0,0,violent,1, , ,1, ,2,3,5,6,3,7,66,2
2/16/2022 6:53:30,2/16/2022 6:57:15,0,134.181.120.231,78,225,0,2/23/2022 6:57:24,R_3HNzojG1otxTWt0, , , , , , ,anonymous,EN,1,3,3,3,3,3,3,4,4,4,7,4,4,3,3,4,4,4,4,3,3,3, , , , , , , , ,0,0,0,0,0,violent,1, ,1, , ,2,4,1,4,5,4,45,1
2/16/2022 19:53:08,2/16/2022 19:58:23,0,74.65.145.237,100,315,1,2/16/2022 19:58:23,R_3PaHR13ZAtCP2rT, , , , ,43.1544036865234375,-70.658203125,anonymous,EN,1,2,3,1,4,2,5,7,1,7,2,1,7,2,7,7,6,1,7,5,2,10,2,1,Maine,1,47,7,6,6,0,0,0,0,0,violent,1, , , ,1,2,7,6,7,6,7,81,3
2/16/2022 21:27:08,2/16/2022 21:35:20,0,174.196.204.166,100,492,1,2/16/2022 21:35:21,R_1INs4Bgrvly6ULY, , , , ,42.33990478515625,-71.1244964599609375,anonymous,EN,1,4,4,2,4,4,3,6,2,7,3,1,7,3,6,6,7,1,7,5,4,10,2,1,Maine,2,47,6,4,5,0,0,0,0,0,non-violent, ,1, ,1, ,1,6,5,7,5,7,76,2
2/17/2022 3:11:05,2/17/2022 3:19:53,0,12.153.217.126,100,528,1,2/17/2022 3:19:53,R_2Qy8B07iYbSBzm3, , , , ,39.5381011962890625,-119.8365020751953125,anonymous,EN,1,3,3,1,2,1,5,4,2,5,2,1,6,5,5,5,5,1,6,4,4,2,1,1,California,1,52,6,6,5,0,0,0,0,0,non-violent, ,1, , ,1,1,6,6,7,3,7,65,3
2/17/2022 15:23:37,2/17/2022 15:32:34,0,107.77.204.36,100,537,1,2/17/2022 15:32:34,R_1GQymxoqqaIvg1B, , , , ,38.9741058349609375,-77.0370025634765625,anonymous,EN,1,4,4,1,3,5,5,7,2,7,6,1,7,1,7,7,7,1,7,5,2,10,2,1,Maryland,1,50,7,6,6,1,0,0,0,1,non-violent, ,1,1, , ,1,6,2,7,7,7,78,1
2/17/2022 15:24:48,2/17/2022 15:29:50,0,69.138.255.36,100,301,1,2/17/2022 15:29:50,R_2Bnit1RoQhaFBGm, , , , ,39.3529052734375,-76.57430267333984375,anonymous,EN,1,2,2,1,4,2,5,6,2,6,3,1,7,3,6,7,6,1,7,5,2,10,2,1,Maryland,2,56,6,6,7,0,1,0,0,0,violent,1, ,1, , ,2,6,5,7,5,7,75,1
2/17/2022 15:25:48,2/17/2022 15:32:50,0,107.77.203.137,100,421,1,2/17/2022 15:32:50,R_30iAXSRNREHSqJW, , , , ,38.90570068359375,-77.03189849853515625,anonymous,EN,1,4,4,1,3,3,5,6,1,6,2,1,7,2,6,7,6,1,7,5,1,4,1,1,Maryland,1,18,6,6,2,1,0,0,0,1,violent,1, , ,1, ,2,7,6,7,6,7,78,2
2/17/2022 15:31:38,2/17/2022 15:43:43,0,68.33.46.198,100,724,1,2/17/2022 15:43:43,R_2zq18x5hrp2JcOr, , , , ,39.351593017578125,-76.628997802734375,anonymous,EN,1,4,4,1,2,5,4,7,1,7,1,1,7,1,7,7,7,1,7,5,1,10,1,1,Maryland,1,49,6,6,7,0,0,0,0,0,violent,1, , ,1, ,2,7,7,7,7,7,84,2
2/17/2022 15:34:11,2/17/2022 15:37:32,0,173.64.116.9,100,201,1,2/17/2022 15:37:33,R_BDqnlKM9cNxqItr, , , , ,39.41259765625,-76.5789031982421875,anonymous,EN,1,2,3,1,5,4,4,7,1,7,1,1,7,1,7,7,6,1,7,5,2,4,2,1,Md,1, ,6, , ,0,0,0,0,0,violent,1, ,1, , ,2,7,7,7,7,7,83,1
2/17/2022 15:48:44,2/17/2022 15:53:59,0,73.201.29.237,100,314,1,2/17/2022 15:53:59,R_Q5hRAQZkS2IDaHn, , , , ,39.5677947998046875,-76.60260009765625,anonymous,EN,1,5,4,4,4,5,4,7,1,7,1,1,7,3,7,7,7,1,7,5,4,4,2,1, ,2,51,7,4,6,1,0,0,0,0,non-violent, ,1,1, , ,1,7,7,7,5,7,82,1
2/17/2022 19:08:59,2/17/2022 19:23:26,0,183.230.199.79,100,866,1,2/17/2022 19:23:27,R_3G8kCRzSvl0IzgI, , , , ,29.5688934326171875,106.557708740234375,anonymous,EN,1,2,3,1,4,2,5,7,4,4,3,4,6,6,5,6,5,2,7,1,2,10,2,4,China,1,20,4,4,3,1,0,1,0,0,violent,1, , ,1, ,2,4,5,4,2,6,61,2
2/17/2022 20:01:53,2/17/2022 20:35:28,0,168.150.33.51,100,2015,1,2/17/2022 20:35:29,R_3n1z9gzcLiLpLes, , , , ,38.5558929443359375,-121.739105224609375,anonymous,EN,1,4,3,1,1,4,4,7,2,5,2,1,7,2,6,5,7,1,7,5,2,10,2,1,California,1,18,5,6,2,0,0,1,0,0,violent,1, , ,1, ,2,6,6,7,6,7,76,2
2/18/2022 11:50:24,2/18/2022 12:18:50,0,213.127.111.49,100,1706,1,2/18/2022 12:18:51,R_QfA4lq7IG0cEcy5, , , , ,52.3665008544921875,4.935302734375,anonymous,EN,1,2,4,1,1,2,5,4,1,2,4,3,6,5,4,6,4,1,4,5,1,4,2,1,The Netherlands,1,18,4, , ,0,0,0,0,0,violent,1, , ,1, ,2,7,4,5,3,7,56,2
2/20/2022 23:30:07,2/20/2022 23:39:16,0,39.144.104.43,100,549,1,2/20/2022 23:39:16,R_yHHNFhe2Een90gF, , , , ,31.1959075927734375,121.447113037109375,anonymous,EN,1,2,3,1,3,1,4,5,6,3,6,3,6,5,5,5,6,1,7,5,2,10,2,4,China,2,22,5,5,5,0,0,0,0,0,non-violent, ,1,1, , ,1,2,2,5,3,7,56,1
2/21/2022 0:45:33,2/21/2022 1:24:53,0,126.253.11.67,100,2359,1,2/21/2022 1:24:53,R_1FaH4rwNfmF4hEG, , , , ,35.689697265625,139.68951416015625,anonymous,EN,1,5,4,2,3,5,5,6,2,6,1,1,7,2,7,6,7,1,7,5,1,4,4,4,Japan,2,22,6,2,5,0,1,1,0,0,non-violent, ,1,1, , ,1,6,7,7,6,7,79,1
2/22/2022 16:03:13,2/22/2022 16:06:49,0,172.58.234.232,100,215,1,2/22/2022 16:06:49,R_aVIq9MsSIcedfy1, , , , ,40.7118988037109375,-74.22029876708984375,anonymous,EN,1,5,5,3,3,5,2,7,1,7,1,1,7,1,7,7,7,1,7,5,2,3,1,1,MA,1, ,7,3,3,0,0,0,0,0,violent,1, , ,1, ,2,7,7,7,7,7,84,2
2/22/2022 16:05:23,2/22/2022 16:11:24,0,73.142.153.6,100,360,1,2/22/2022 16:11:24,R_2v81iRlKR5Ft1TK, , , , ,43.0583953857421875,-71.45780181884765625,anonymous,EN,1,4,5,2,4,5,2,7,1,7,2,1,7,3,7,7,7,1,7,5,1,4,1,1,New Hampshire,2,20,6,2,3,1,1,0,0,1,non-violent, ,1, , ,1,1,7,6,7,5,7,81,3
2/23/2022 10:24:42,2/23/2022 10:35:36,0,73.219.19.165,100,653,1,2/23/2022 10:35:36,R_1IcRvDEH6gG2KTF, , , , ,42.6219024658203125,-70.67620086669921875,anonymous,EN,1,5,4,2,2,5,3,7,1,7,1,1,7,1,7,7,7,1,7,5,3,3,4,1,Massachusetts,1,21,7,5,3,0,0,0,0,0,non-violent, ,1, , ,1,1,7,7,7,7,7,84,3
2/23/2022 16:36:45,2/23/2022 16:52:26,0,216.211.247.35,100,940,1,2/23/2022 16:52:26,R_1hGCKta4t2fMhzO, , , , ,42.189697265625,-71.204803466796875,anonymous,EN,1,4,3,3,2,4,5,5,2,7,4,1,7,2,6,7,4,2,4,5,4,4,1,2,Massachusetts,2,23,6,3,5,0,0,0,0,0,violent,1, , , ,1,2,6,4,7,6,6,69,3
2/23/2022 17:02:04,2/23/2022 17:04:00,0,94.174.66.101,100,116,1,2/23/2022 17:04:01,R_33d3vJlM9cr5gQ6, , , , ,51.524505615234375,-0.1566925048828125,anonymous,EN,1,3,3,3,3,3,3,4,4,4,4,4,4,4,4,4,4,4,4,3,3,3,1,4,London,1,19,4,1,3,0,0,0,0,0,non-violent, ,1, , ,1,1,4,4,4,4,4,48,3
2/23/2022 17:26:10,2/23/2022 17:28:10,0,73.42.163.143,100,119,1,2/23/2022 17:28:10,R_2YFnjA9WEJggan8, , , , ,47.5579071044921875,-122.163299560546875,anonymous,EN,1,3,3,3,3,3,3,4,4,4,4,4,4,4,4,4,4,4,4,3,3,3,1,4,China,3,21,4,1,5,0,0,0,0,0,non-violent, ,1, , ,1,1,4,4,4,4,4,48,3
2/23/2022 17:59:26,2/23/2022 18:07:52,0,172.58.222.139,100,505,1,2/23/2022 18:07:53,R_302h3wXgblG3uGc, , , , ,42.3972930908203125,-71.037200927734375,anonymous,EN,1,4,4,1,4,5,3,7,1,7,2,1,7,2,6,7,7,1,7,2,4,10,2,2,Massachusetts,4,24,6,3,5,0,0,0,0,0,violent,1, , , ,1,2,7,6,7,6,7,81,3
2/23/2022 18:28:07,2/23/2022 18:38:09,0,174.93.252.34,100,601,1,2/23/2022 18:38:10,R_QmGLE3IPYAL6qSR, , , , ,45.497802734375,-73.54850006103515625,anonymous,EN,1,2,1,2,1,3,4,2,2,2,5,1,5,3,5,5,4,1,5,5,2,10,2,6,Canada,2,19,5,6,5,0,0,0,0,0,violent,1, ,1, , ,2,6,3,7,5,7,56,1
2/23/2022 18:59:13,2/23/2022 19:09:17,0,50.229.159.33,100,603,1,2/23/2022 19:09:17,R_1I5lQZzlPb6Jh9v, , , , ,38.5558929443359375,-121.739105224609375,anonymous,EN,1,1,2,2,4,2,3,5,2,7,2,1,7,2,7,7,6,1,7,3,3,10,2,4,California,2,20,6,3,3,0,0,0,0,0,violent,1, , ,1, ,2,6,6,7,6,7,78,2
2/23/2022 19:04:24,2/23/2022 19:08:48,0,50.229.159.33,100,263,1,2/23/2022 19:08:48,R_2vYCVn5zqP6qu17, , , , ,38.5558929443359375,-121.739105224609375,anonymous,EN,1,4,5,3,3,5,4,7,1,7,1,1,7,2,7,7,7,1,7,2,5,10,3,4,California,2,19,7,2,2,0,0,0,0,0,non-violent, ,1, , ,1,1,7,7,7,6,7,83,3
2/23/2022 19:12:40,2/23/2022 19:29:59,0,50.229.159.33,100,1039,1,2/23/2022 19:30:00,R_2xxAej1GoZa8DA2, , , , ,38.5558929443359375,-121.739105224609375,anonymous,EN,1,4,4,3,3,3,3,4,4,4,4,4,4,4,5,7,7,1,7,1,1,10,2,7,California,1,20,6,6,5,1,0,0,0,0,non-violent, ,1,1, , ,1,4,4,4,4,7,61,1
2/23/2022 20:17:56,2/23/2022 20:25:08,0,69.141.149.95,100,432,1,2/23/2022 20:25:09,R_2dGB3JLM4HMt2Vt, , , , ,40.23809814453125,-74.78220367431640625,anonymous,EN,1,2,3,4,1,4,5,4,5,7,4,1,5,4,5,5,7,1,6,5,4,3,1,2,United States,1,20,4, ,3,0,0,0,0,0,violent,1, ,1, , ,2,3,4,7,4,7,64,1
2/23/2022 21:26:25,2/23/2022 21:41:27,0,220.195.74.178,100,902,1,2/23/2022 21:41:27,R_wNJk4wxC1MJDRQJ, , , , ,31.222198486328125,121.458099365234375,anonymous,EN,1,1,2,1,4,2,3,6,3,7,5,1,7,2,7,6,4,2,7,5,4,3,2,4,China,3,21,5,2,3,0,0,0,0,1,violent,1, ,1, , ,2,5,3,7,6,6,71,1
2/23/2022 22:49:27,2/23/2022 23:00:03,0,73.245.137.1,100,635,1,2/23/2022 23:00:03,R_1OZ8GZIMNfZSn9R, , , , ,26.11669921875,-80.12860107421875,anonymous,EN,1,3,4,3,2,3,3,1,4,3,5,4,6,7,4,4,3,2,5,5,4,3,2,1,Canada,1,20,5,5,4,0,0,0,0,0,non-violent, ,1, ,1, ,1,4,3,4,1,6,44,2
2/23/2022 23:04:12,2/23/2022 23:19:57,0,169.232.70.81,100,945,1,2/23/2022 23:19:57,R_3KScNqe1wsgBEoF, , , , ,34.0648040771484375,-118.44139862060546875,anonymous,EN,1,5,3,3,3,5,3,7,1,5,2,1,7,3,7,7,7,1,7,5,2,4,2,1,California,1,19,7,5,3,0,0,0,0,0,non-violent, ,1, ,1, ,1,7,6,7,5,7,79,2
2/24/2022 0:00:15,2/24/2022 0:04:36,0,67.244.13.200,100,261,1,2/24/2022 0:04:37,R_bOCxFN4BKeNdx4d, , , , ,40.7512969970703125,-73.82440185546875,anonymous,EN,1,4,4,3,2,4,5,5,2,5,1,1,7,4,7,7,7,1,7,5,4,10,2,4,China,2,22,6, ,5,0,0,0,0,0,violent,1, , ,1, ,2,6,7,7,4,7,76,2
2/24/2022 5:23:33,2/24/2022 5:30:44,0,79.75.41.199,100,431,1,2/24/2022 5:30:44,R_10BZdQ3Op5rUaXs, , , , ,51.5518035888671875,-0.1345062255859375,anonymous,EN,1,4,2,1,4,5,5,6,1,7,1,2,7,3,7,7,6,1,7,5,4,10,2,1,United Kingdom,1,19,6,6,3,0,0,0,0,0,violent,1, , ,1, ,2,7,7,6,5,7,79,2
2/24/2022 22:06:15,2/24/2022 22:10:06,0,75.190.10.154,100,230,1,2/24/2022 22:10:06,R_Z8fIlzkGD14E0V3, , , , ,35.231597900390625,-80.84279632568359375,anonymous,EN,1,1,3,3,4,4,4,7,4,6,3,1,7,6,5,7,7,2,7,1,1,1,1,4,North Carolina,1,23,3,3,5,0,0,0,0,0,violent,1, , ,1, ,2,4,5,7,2,6,70,2
2/24/2022 22:47:27,2/25/2022 9:56:45,0,174.241.169.123,100,40158,1,2/25/2022 9:56:45,R_2diIx1xtTZWmnmg, , , , ,35.415496826171875,-80.6143035888671875,anonymous,EN,1,3,4,2,4,3,5,6,1,7,4,1,7,2,7,7,6,1,7,5,4,10,2,1,Massachusetts,3,20,2,5,3,0,0,0,0,0,violent,1, , ,1, ,2,7,4,7,6,7,78,2
2/25/2022 0:48:59,2/25/2022 0:56:34,0,107.115.203.60,100,455,1,2/25/2022 0:56:34,R_1CIUAghRBzbTl2f, , , , ,41.7821044921875,-87.6045989990234375,anonymous,EN,1, ,3,2,2,3,4,5,2, , , ,6,6,6,4,4,1,5, ,3,10,2,1,Massachusetts,1,20, , ,2,0,0,0,0,0,violent,1, ,1, , ,2,6, , ,2,7,45,1
2/25/2022 2:48:39,2/25/2022 2:59:52,0,24.34.175.37,100,673,1,2/25/2022 2:59:52,R_2tr73NKpXPQLxbL, , , , ,42.2012939453125,-70.754302978515625,anonymous,EN,1,2,2,1,1,1,1,1,4,4,4,4,6,3,5,7,5,1,7,5,1,4,1,1,Massachusetts,3,46,4,5,5,0,1,0,0,0,violent,1, ,1, , ,2,4,4,4,5,7,59,1
2/25/2022 3:09:11,2/25/2022 3:17:53,0,24.34.175.37,100,521,1,2/25/2022 3:17:54,R_1hZtZ1iLUqSoMyW, , , , ,42.2012939453125,-70.754302978515625,anonymous,EN,1,4,4,2,2,1,2,3,4,3,4,4,5,4,4,4,4,3,3,5,2,1,2,7,Massachusetts,4,47,4, ,5,0,0,1,0,0,non-violent, ,1, ,1, ,1,4,4,4,4,5,47,2
2/25/2022 7:50:40,2/25/2022 7:58:00,0,172.58.221.236,100,439,1,2/25/2022 7:58:00,R_RlsaGcGmB7hTClb, , , , ,41.82440185546875,-71.40799713134765625,anonymous,EN,1,5,4,1,4,5,3,7,1,7,2,1,7,2,7,7,7,1,7,5,1,10,2,6,MA,4,26,6,2,5,0,1,0,0,0,non-violent, ,1, ,1, ,1,7,6,7,6,7,82,2
2/25/2022 8:35:41,2/25/2022 8:40:02,0,108.20.180.50,100,261,1,2/25/2022 8:40:03,R_3G6vJnmY6VLHYqs, , , , ,42.4759063720703125,-70.90470123291015625,anonymous,EN,1,5,4,2,4,4,3,2,1,7,2,1,7,5,5,7,6,1,7,2,2,10,2,6,Massachusetts,1,23,6,2,5,0,0,0,0,0,non-violent, ,1,1, , ,1,7,6,7,3,7,71,1
2/25/2022 8:45:49,2/25/2022 8:56:34,0,172.58.237.70,100,645,1,2/25/2022 8:56:34,R_3O1yh3sUdvg2xJq, , , , ,40.73370361328125,-74.19390106201171875,anonymous,EN,1,3,5,3,3,3,3,5,4,4,4,4,5,4,4,7,4,4,6,5,3,3,1,6,Massachusetts,3,22,4,2,3,0,0,1,0,0,non-violent, ,1, , ,1,1,4,4,4,4,4,55,3
2/25/2022 9:32:45,2/25/2022 9:37:39,0,24.63.208.200,100,293,1,2/25/2022 9:37:40,R_27QKjWvFH8uNT9W, , , , ,42.3119964599609375,-71.10810089111328125,anonymous,EN,1,5,5,1,3,5,3,7,1,7,7,1,7,3,7,7,7,1,7,5,1,4,2,6,Massachusetts,3,23,6,3,5,0,1,1,0,1,non-violent, ,1,1, , ,1,7,1,7,5,7,76,1
2/25/2022 10:35:29,2/25/2022 14:46:17,0,174.198.201.70,100,15048,1,2/25/2022 14:46:17,R_3lYzqEz715OA3Uw, , , , ,39.6685028076171875,-75.704803466796875,anonymous,EN,1,2,2,4,1,2,4,4,3,5,1,1,7,5,7,7,7,1,6,3,2,10,2,6,New Jersey,2,19,6,1,3,0,0,0,0,0,violent,1, , , ,1,2,5,7,7,3,7,72,3
2/25/2022 10:40:14,2/25/2022 10:47:25,0,76.78.52.33,100,430,1,2/25/2022 10:47:25,R_3MKiDKJ0BexuhPq, , , , ,42.8166961669921875,-73.92559814453125,anonymous,EN,1,3,2,4,2,3,5,5,4,5,6,4,6,5,6,5,4,4,5,5,3,2,1,6,New Jersey,2,18,5,2,2,0,0,0,0,0,violent,1, , , ,1,2,4,2,4,3,4,53,3
2/25/2022 13:22:09,2/25/2022 13:36:02,0,140.141.4.64,100,832,1,2/25/2022 13:36:02,R_22QQfqB2QdXo0yD, , , , ,40.0767974853515625,-82.5218963623046875,anonymous,EN,1,2,3,2,3,3,4,7,2,5,2,1,7,1,7,7,7,1,7,5,2,10,2,1,Ohio,3,20,6,1,3,0,0,0,0,0,non-violent, ,1, , ,1,1,6,6,7,7,7,80,3
2/25/2022 14:01:09,2/25/2022 14:05:15,0,73.100.60.48,100,246,1,2/25/2022 14:05:16,R_2Yr1zmbdvaCBHCU, , , , ,43.072906494140625,-70.80519866943359375,anonymous,EN,1,5,4,1,2,4,2,7,1,7,1,1,7,1,7,5,5,1,7,5,1,4,2,1,NH,4,53,6,6,7,1,0,0,0,0,non-violent, ,1, ,1, ,1,7,7,7,7,7,80,2
2/25/2022 14:06:02,2/25/2022 14:10:16,0,24.218.77.57,100,253,1,2/25/2022 14:10:16,R_3shLNfJMmhip6dw, , , , ,42.982696533203125,-70.94719696044921875,anonymous,EN,1,3,4,2,2,3,4,5,3,4,3,2,7,4,4,7,7,1,7,5,4,3,2,1,New Hampshire,3,18,4,5,1,1,0,0,0,0,non-violent, ,1,1, , ,1,5,5,6,4,7,68,1
2/25/2022 14:06:54,2/25/2022 14:12:49,0,129.22.1.18,100,354,1,2/25/2022 14:12:49,R_31LTQADNGNBOCJW, , , , ,41.5066070556640625,-81.6110992431640625,anonymous,EN,1,4,4,2,3,3,3,7,7,4,7,2,6,3,5,7,7,7,7,1,5,10,1,4,OHIO,1,19,4,1,3,0,0,0,0,0,violent,1, ,1, , ,2,1,1,6,5,1,57,1
2/25/2022 14:10:04,2/25/2022 14:27:53,0,75.68.61.239,100,1069,1,2/25/2022 14:27:53,R_RQQMXImnoo95CNj, , , , ,42.827606201171875,-71.6595001220703125,anonymous,EN,1,4,4,3,5,4,5,4,4,6,5,3,6,5,4,5,5,1,6,5,4,10,2,1,New Hampshire,4,60,3,4,5,1,0,1,1,0,non-violent, ,1, , ,1,1,4,3,5,3,7,58,3
2/25/2022 14:29:12,2/25/2022 14:36:59,0,24.147.242.197,100,467,1,2/25/2022 14:36:59,R_3nvCDEflvIUwn1r, , , , ,43.072906494140625,-70.80519866943359375,anonymous,EN,1,3,3,2,4,5,5,7,1,6,1,1,7,2,7,7,6,1,7,4,2,10,1,1,New Hampshire,4,19,5,4,3,0,1,0,0,0,violent,1, ,1, , ,2,7,7,7,6,7,81,1
2/25/2022 19:02:29,2/25/2022 19:06:53,0,73.99.28.207,100,264,1,2/25/2022 19:06:54,R_5c3dWvK2HDC5Cbn, , , , ,36.5742034912109375,-79.44210052490234375,anonymous,EN,1,5,4,3,5,2,4,5,3,6,3,1,6,3,7,5,5,1,7,4,2,10,2,2,Virginia,3,19,6,2,3,0,1,0,0,0,non-violent, ,1, , ,1,1,5,5,7,5,7,70,3
2/26/2022 8:43:21,2/26/2022 8:48:32,0,172.58.220.118,100,310,1,2/26/2022 8:48:32,R_2UYtg1bDQHfo1wH, , , , ,42.356201171875,-71.06310272216796875,anonymous,EN,1,4,5,3,1,4,2,6,1,7,3,1,7,1,5,7,6,1,7,5,4,4,1,2,Massachusetts,3,23,5,3,5,0,0,0,0,0,non-violent, ,1,1, , ,1,7,5,7,7,7,78,1
2/26/2022 13:29:07,2/26/2022 13:33:51,0,204.144.15.24,100,284,1,2/26/2022 13:33:51,R_1XpjzAHvtzpExC9, , , , ,42.0641021728515625,-71.08809661865234375,anonymous,EN,1,3,4,1,3,5,4,6,2,7,3,1,7,5,7,6,7,1,7,2,5,2,1,4,Massachusetts,1,21,6,2,3,0,0,0,0,0,violent,1, , ,1, ,2,6,5,7,3,7,75,2
2/26/2022 14:28:08,2/26/2022 14:44:59,0,199.94.82.247,100,1011,1,2/26/2022 14:44:59,R_TitCNYRTsQ2KaHL, , , , ,42.34979248046875,-71.07649993896484375,anonymous,EN,1,4,4,2,3,4,3,6,2,7,2,1,7,3,6,4,6,1,7,5,2,3,2,4,Vietnam,1,20,6,5,5,0,0,0,0,0,non-violent, ,1, , ,1,1,6,6,7,5,7,74,3
2/26/2022 18:12:46,2/26/2022 18:17:28,0,192.65.213.200,100,281,1,2/26/2022 18:17:28,R_2ElN7R7QmbGylBs, , , , ,41.8332977294921875,-71.431396484375,anonymous,EN,1,5,1,3,3,3,3,7,1,7,7,1,7,1,7,7,7,1,7,5,5,4,1,7,Rhode Island,3,21,7,3,3,0,0,0,0,0,violent,1, ,1, , ,2,7,1,7,7,7,78,1
2/26/2022 20:21:55,2/26/2022 20:48:18,0,216.211.247.35,100,1583,1,2/26/2022 20:48:19,R_1rIfXxTBfa5xsQg, , , , ,42.189697265625,-71.204803466796875,anonymous,EN,1,4,3,3,4,5,4,5,2,6,5,3,7,4,4,7,6,1,7,5,4,4,1,2,massachusetts, ,18,6,3,2,0,0,0,0,0,non-violent, ,1, , ,1,1,6,3,5,4,7,67,3
2/26/2022 20:50:52,2/26/2022 21:22:32,0,216.211.247.35,100,1900,1,2/26/2022 21:22:33,R_2YWz2hDlLLW0VQC, , , , ,42.189697265625,-71.204803466796875,anonymous,EN,1,5,5,4,5,4,3,7,4,6,5,1,7,6,6,7,6,2,6,1,3,3,1,2,Massachusetts,3, ,4,4,7,0,0,0,0,0,non-violent, ,1, , ,1,1,4,3,7,2,6,67,3
2/26/2022 21:26:56,2/26/2022 21:48:30,0,216.211.247.35,100,1293,1,2/26/2022 21:48:30,R_1ibppF3SaR3Nqhx, , , , ,42.189697265625,-71.204803466796875,anonymous,EN,1,5,5,4,3,4,3,7,1,7,4,1,7,5,6,7,7,1,7,4,4,3,2,2,Massachussetts,4,54,4,3,7,0,0,0,0,0,non-violent, ,1, , ,1,1,7,4,7,3,7,76,3
2/26/2022 21:45:22,2/26/2022 21:49:32,0,202.59.213.25,100,249,1,2/26/2022 21:49:32,R_2sL5jit8dg1jvdn, , , , ,23.11810302734375,113.25390625,anonymous,EN,1,2,2,3,4,2,5,5,1,4,6,2,5,4,5,4,4,4,7,4,2,10,1,4,China,1,20,5,3,5,0,0,0,0,0,violent,1, , ,1, ,2,7,2,6,4,4,57,2
2/27/2022 11:31:33,2/27/2022 11:36:08,0,174.242.71.229,100,274,1,2/27/2022 11:36:08,R_T2jg95xx1iGBtJv, , , , ,42.336395263671875,-71.03260040283203125,anonymous,EN,1,5,5,1,1,5,1,7,1,7,1,1,7,1,7,7,7,1,7,5,1,4,2,1,Maine,1,58,7,4,6,1,0,0,0,0,non-violent, ,1, ,1, ,1,7,7,7,7,7,84,2
2/27/2022 11:37:51,2/27/2022 11:43:51,0,64.150.199.180,100,359,1,2/27/2022 11:43:52,R_12lE0nF9MamtuZo, , , , ,25.0832977294921875,-77.34999847412109375,anonymous,EN,1,5,5,1,4,3,4,7,1,6,1,1,7,1,7,7,6,1,7,1,1,4,1,1,South Carolina,1,23,6,3,5,0,0,0,0,0,non-violent, ,1, , ,1,1,7,7,7,7,7,82,3
2/27/2022 11:39:47,2/27/2022 11:45:06,0,174.255.64.62,100,319,1,2/27/2022 11:45:07,R_33rI4Qdp8VXB92X, , , , ,42.356201171875,-71.06310272216796875,anonymous,EN,1,5,4,3,5,5,4,7,1,7,1,1,7,1,7,7,7,1,7,5,4,4,1,1,Colorado,1,21,6,6,3,0,0,0,0,0,non-violent, ,1,1, , ,1,7,7,7,7,7,84,1
2/27/2022 11:52:57,2/27/2022 12:03:16,0,97.93.100.136,100,618,1,2/27/2022 12:03:16,R_SBsqNpGCFDfgDct, , , , ,34.136993408203125,-118.2375946044921875,anonymous,EN,1,4,4,4,2,3,3,1,5,2,3,2,5,5,3,2,2,1,6,5,1,4,2,6,California,2,48,5,6,6,1,0,0,0,0,non-violent, ,1,1, , ,1,3,5,6,3,7,45,1
2/27/2022 12:05:35,2/27/2022 12:12:05,0,97.93.100.136,100,390,1,2/27/2022 12:12:06,R_124GUmSlQ74J2mN, , , , ,34.136993408203125,-118.2375946044921875,anonymous,EN,1,4,4,4,4,4,3,6,1,7,1,1,7,1,7,7,7,1,7,5,4,10,1,1,California,1,65,7,6,6,0,0,0,0,0,non-violent, ,1, , ,1,1,7,7,7,7,7,83,3
2/27/2022 12:31:11,2/27/2022 12:34:15,0,174.242.70.86,100,183,1,2/27/2022 12:34:15,R_6XdolZ4g3odfPzj, , , , ,42.34979248046875,-71.07649993896484375,anonymous,EN,1,5,4,2,4,5,5,5,3,3,3,1,6,5,5,4,5,1,5,5,1,10,1,6,Maryland,2,45,5,6,6,0,0,0,0,1,non-violent, ,1, ,1, ,1,5,5,7,3,7,60,2
2/27/2022 12:37:51,2/27/2022 12:51:02,0,73.13.30.133,100,790,1,2/27/2022 12:51:02,R_1E4cR2BkKmxKxhc, , , , ,40.267303466796875,-74.948699951171875,anonymous,EN,1,3,4,2,3,4,4,7,3,7,2,1,7,5,7,6,6,1,7,5,4,4,1,1,Pennsylvania,2,19,4,6,3,0,0,0,0,0,non-violent, ,1,1, , ,1,5,6,7,3,7,75,1
2/27/2022 13:19:51,2/27/2022 13:49:57,0,172.58.84.3,100,1806,1,2/27/2022 13:49:58,R_3iweDAG8iuUn8E8, , , , ,44.9618072509765625,-93.26380157470703125,anonymous,EN,1,5,4,2,2,5,4,7,1,7,1,1,7,1,7,7,7,1,7,5,2,4,1,6,Minnesota,1,22,6,5,5,0,0,0,0,0,violent,1, ,1, , ,2,7,7,7,7,7,84,1
2/27/2022 14:23:32,2/27/2022 14:32:18,0,74.75.252.201,100,526,1,2/27/2022 14:32:19,R_1IoMddSN89a2DUQ, , , , ,44.2115020751953125,-69.0735015869140625,anonymous,EN,1,4,4,1,4,5,3,6,1,7,1,1,7,1,7,7,7,1,7,5,1,10,1,1,Maine,1,59,6,3,5,1,1,1,1,1,violent,1, , , ,1,2,7,7,7,7,7,83,3
2/27/2022 16:27:14,2/27/2022 16:34:32,0,172.58.205.51,100,437,1,2/27/2022 16:34:32,R_1Ky8q9Vu8VqKx52, , , , ,39.9611968994140625,-75.2303009033203125,anonymous,EN,1,3,4,2,5,3,4,3,5,4,5,5,4,5,5,6,4,3,4,3,2,2,1,6,New York City,3,19,4,2,3,0,0,1,0,0,non-violent, ,1,1, , ,1,3,3,3,3,5,47,1
2/27/2022 16:27:37,2/27/2022 16:37:05,0,24.90.234.6,100,567,1,2/27/2022 16:37:05,R_UxB2SO0J0tbTjyh, , , , ,40.8231048583984375,-73.95130157470703125,anonymous,EN,1,3,4,5,3,2,4,3,2,5,4,5,6,2,6,5,5,3,5,3,4,1,1,6,New York.,1,19,4,3,3,0,0,0,0,0,violent,1, , ,1, ,2,6,4,3,6,5,59,2
2/27/2022 16:28:32,2/27/2022 16:38:32,0,172.56.2.30,100,599,1,2/27/2022 16:38:32,R_2U5WvcH1iW7FKq9, , , , ,36.7816009521484375,-76.0749969482421875,anonymous,EN,1,3,4,2,1,1,4,1,3,5,3,1,7,3,7,7,4,7,7,5,1,1,1,6,New York,3,19,4,2,3,0,1,0,0,0,non-violent, ,1, ,1, ,1,5,5,7,5,1,61,2
2/27/2022 16:31:46,2/27/2022 16:37:40,0,172.58.228.57,100,354,1,2/27/2022 16:37:40,R_3NInyAXEXuF8scQ, , , , ,40.700897216796875,-73.94609832763671875,anonymous,EN,1,5,4,3,3,2,3,1,3,4,3,1,5,4,7,7,2,1,5,4,4,2,1,2,New York,2,19,4,2,2,0,0,0,0,0,non-violent, ,1, ,1, ,1,5,5,7,4,7,59,2
2/27/2022 18:31:45,2/27/2022 18:38:07,0,98.7.16.10,100,381,1,2/27/2022 18:38:07,R_24qqIEHsnFpgOoN, , , , ,40.7960968017578125,-73.95130157470703125,anonymous,EN,1,5,5,4,3,3,4,7,3,6,4,1,7,4,6,4,6,1,7,5,1,3,1,7,New York,3,19,6,2,2,0,0,0,0,0,non-violent, ,1, , ,1,1,5,4,7,4,7,70,3
2/27/2022 19:00:00,2/27/2022 19:05:03,0,73.236.223.201,100,303,1,2/27/2022 19:05:04,R_3pbAK8BjpYfoBkW, , , , ,40.37750244140625,-79.9613037109375,anonymous,EN,1,5,5,2,1,5,4,7,1,7,1,1,7,2,7,7,7,1,7,4,1,1,1,1,Pennsylvania,1,19,5,2,3,1,1,1,0,0,non-violent, ,1, , ,1,1,7,7,7,6,7,83,3
2/27/2022 19:00:31,2/27/2022 19:07:16,0,108.26.221.175,100,404,1,2/27/2022 19:07:16,R_3Gv2xZggnfFwf33, , , , ,42.3291015625,-71.1815032958984375,anonymous,EN,1,2,3,3,1,2,4,6,3,7,2,1,7,1,7,7,6,1,7,5,5,1,1,1,Massachusetts,1,21,3,2,2,0,0,0,0,0,violent,1, , , ,1,2,5,6,7,7,7,79,3
2/27/2022 19:00:45,2/27/2022 19:14:42,0,184.175.40.71,100,837,1,2/27/2022 19:14:42,R_3qNxSGYRhOvKmHi, , , , ,45.4676971435546875,-75.5399017333984375,anonymous,EN,1,4,4,1,3,3,5,5,1,6,1,1,7,2,7,7,6,1,7,5,1,4,2,1,Canada,1,18,6,5,3,0,0,0,0,0,violent,1, ,1, , ,2,7,7,7,6,7,79,1
2/27/2022 19:51:54,2/27/2022 19:56:34,0,140.233.178.221,100,279,1,2/27/2022 19:56:34,R_3vXqZObetQF9t85, , , , ,43.9922027587890625,-73.1645965576171875,anonymous,EN,1,4,3,2,4,5,4,7,1,7,2,1,7,3,7,7,7,1,7,5,1,10,2,1,Ohio,1,18,7,6,3,1,0,0,0,1,violent,1, ,1, , ,2,7,6,7,5,7,81,1
2/27/2022 19:53:34,2/27/2022 22:51:11,0,107.207.106.235,100,10657,1,2/27/2022 22:51:11,R_30cWuE85mFhCylr, , , , ,41.5052947998046875,-81.55660247802734375,anonymous,EN,1,1,1,2,3,4,5,7,1,7,1,1,7,2,7,7,7,1,7,5,1,10,2,1,Ohio,1,18,6,3,2,0,0,0,0,0,violent,1, , ,1, ,2,7,7,7,6,7,83,2
2/27/2022 19:56:54,2/27/2022 20:06:35,0,24.218.77.57,100,580,1,2/27/2022 20:06:35,R_22M3M1KlFqCyQLZ, , , , ,42.982696533203125,-70.94719696044921875,anonymous,EN,1,4,3,1,1,3,4,2,4,4,2,1,5,5,5,3,4,1,6,4,4,2,1,1,New Hampshire,1,58,3,6,6,1,1,0,0,0,non-violent, ,1, ,1, ,1,4,6,7,3,7,56,2
2/27/2022 20:05:45,2/27/2022 20:13:17,0,169.244.132.200,100,452,1,2/27/2022 20:13:17,R_3iElFRKYTX5GuN5, , , , ,44.1884002685546875,-69.575103759765625,anonymous,EN,1,5,3,2,3,2,3,2,4,5,5,1,7,3,7,7,7,1,6,5,1,4,2,1,Maine,3,49,6,3,6,0,0,0,0,1,non-violent, ,1, , ,1,1,4,3,7,5,7,67,3
2/27/2022 20:07:42,2/27/2022 20:13:54,0,107.77.226.137,100,372,1,2/27/2022 20:13:55,R_cI1NW1HEYJWO2sN, , , , ,40.7064056396484375,-73.94730377197265625,anonymous,EN,1,5,5,3,2,5,4,4,1,5,3,1,6,5,5,7,6,1,5,5,2,10,1,1,Maine,2,48,6,4,6,1,1,1,0,0,non-violent, ,1, ,1, ,1,7,5,7,3,7,67,2
2/27/2022 20:08:54,2/27/2022 20:19:08,0,24.63.22.31,100,613,1,2/27/2022 20:19:08,R_PNbj44WxZt1V4B3, , , , ,42.1815032958984375,-71.3011016845703125,anonymous,EN,1,2,3,2,4,3,5,5,4,6,2,2,7,4,7,6,7,1,7,5,3,10,2,1,Massachusetts,4,53,2,6,5,0,0,0,0,0,violent,1, ,1, , ,2,4,6,6,4,7,72,1
2/27/2022 20:09:08,2/27/2022 20:22:02,0,24.63.22.31,100,773,1,2/27/2022 20:22:03,R_3lQCee5VswdFpyA, , , , ,42.1815032958984375,-71.3011016845703125,anonymous,EN,1,4,3,2,2,4,5,6,1,7,3,1,6,2,7,7,6,1,7,5,2,10,1,1,MA,2,57,4,6,5,0,0,0,0,0,violent,1, , ,1, ,2,7,5,7,6,7,78,2
2/27/2022 20:09:36,2/27/2022 20:19:39,0,66.66.227.14,100,603,1,2/27/2022 20:19:40,R_XyQhQ0wdhNpYN1v, , , , ,44.32330322265625,-69.76869964599609375,anonymous,EN,1,2,3,1,3,3,4,3,4,5,3,1,7,4,6,4,5,1,7,5,1,10,2,1,Maine,3,49,3,3,5,0,0,0,0,0,violent,1, , ,1, ,2,4,5,7,4,7,64,2
2/27/2022 20:14:39,2/27/2022 20:19:33,0,136.167.36.184,100,294,1,2/27/2022 20:19:34,R_bC2bjCxzIjoJFiV, , , , ,42.3473968505859375,-71.158203125,anonymous,EN,1,2,2,2,3,3,4,2,1,5,4,1,5,3,4,4,4,1,5,5,4,3,1,1,Massachusetts,3,19,3,6,3,1,0,0,0,0,violent,1, , ,1, ,2,7,4,7,5,7,59,2
2/27/2022 20:15:47,2/27/2022 20:23:54,0,108.26.185.130,100,487,1,2/27/2022 20:23:54,R_2zXU8OUq3JAaqkW, , , , ,42.35400390625,-71.18499755859375,anonymous,EN,1,5,4,1,2,5,1,7,1,7,1,1,7,3,6,6,7,1,7,5,2,10,2,1,Massachusetts,1,53,7,6,6,0,0,0,0,0,non-violent, ,1, , ,1,1,7,7,7,5,7,80,3
2/27/2022 20:20:37,2/27/2022 20:34:23,0,47.14.73.82,100,825,1,2/27/2022 20:34:23,R_25KkdiDIds4tDv9, , , , ,42.4512939453125,-71.8715972900390625,anonymous,EN,1,5,5,1,1,5,1,7,1,7,1,1,7,1,7,7,7,1,7,5,1,3,1,2,Mainr,4,25,2,3,3,0,1,0,0,0,violent,1, , ,1, ,2,7,7,7,7,7,84,2
2/27/2022 20:22:54,2/27/2022 20:37:14,0,23.124.121.102,100,860,1,2/27/2022 20:37:14,R_1obyVaL8FelzwHp, , , , ,25.606201171875,-80.3451995849609375,anonymous,EN,1,5,3,1,1,4,2,4,2,6,3,1,7,6,7,7,4,1,4,3,1,4,1,2,Maine,3,57,6,6,5,1,1,1,1,1,non-violent, ,1,1, , ,1,6,5,7,2,7,66,1
2/27/2022 20:28:41,2/27/2022 20:35:21,0,128.230.136.111,100,399,1,2/27/2022 20:35:21,R_1mUcD3Wqy3Gr6Ya, , , , ,43.0316009521484375,-76.1352996826171875,anonymous,EN,1,4,4,2,2,3,4,7,2,7,1,1,7,2,5,7,7,1,7,4,3,10,2,1,New York,2,19,6,5,3,1,0,1,0,0,non-violent, ,1,1, , ,1,6,7,7,6,7,80,1
2/27/2022 20:32:07,2/27/2022 20:42:03,0,184.175.40.71,100,595,1,2/27/2022 20:42:03,R_1Fr1Y8qUTOgXBga, , , , ,45.4676971435546875,-75.5399017333984375,anonymous,EN,1,5,5,1,1,1,2,5,3,6,3,1,7,5,7,7,5,1,7,5,2,4,1,1,Canada,2,51,6,5,6,0,0,0,0,0,non-violent, ,1, , ,1,1,5,5,7,3,7,71,3
2/27/2022 20:37:16,2/27/2022 20:41:24,0,47.14.73.82,100,248,1,2/27/2022 20:41:25,R_2UYfUvEgzDGxet5, , , , ,42.4512939453125,-71.8715972900390625,anonymous,EN,1,5,5,1,1,5,1,7,1,7,2,1,7,1,7,7,7,1,7,5,1,1,1,1,Massachusetts,2,30,3,2,3,1,1,1,1,1,non-violent, ,1, ,1, ,1,7,6,7,7,7,83,2
2/27/2022 20:47:39,2/27/2022 21:19:20,0,73.219.235.89,100,1900,1,2/27/2022 21:19:20,R_1jkuHZcWDgI0mFT, , , , ,42.33880615234375,-71.072601318359375,anonymous,EN,1,4,3,3,2,4,5,5,1,7,1,1,7,2,7,7,7,1,7,5,2,10,2,1,Massachusetts,3,25,6,6,6,0,0,0,0,0,violent,1, ,1, , ,2,7,7,7,6,7,81,1
2/27/2022 20:47:51,2/27/2022 21:18:25,0,73.219.235.89,100,1834,1,2/27/2022 21:18:26,R_1jiZdii2CKPWSbG, , , , ,42.33880615234375,-71.072601318359375,anonymous,EN,1,4,4,1,2,5,4,6,1,5,1,1,7,2,7,7,7,1,7,4,4,10,2,1,Massachusetts,2,23,6,3,5,0,0,0,0,0,non-violent, ,1, ,1, ,1,7,7,7,6,7,80,2
2/27/2022 21:02:17,2/27/2022 21:10:15,0,47.14.73.82,100,477,1,2/27/2022 21:10:15,R_1OGLLPY2nLacUEI, , , , ,42.4512939453125,-71.8715972900390625,anonymous,EN,1,5,5,3,2,5,2,7,1,4,3,1,7,4,6,6,6,1,7,2,3,10,1,7,Georgia,1,21,4,3,3,1,1,0,0,0,non-violent, ,1,1, , ,1,7,5,7,4,7,73,1
2/27/2022 21:19:51,2/27/2022 21:25:01,0,74.142.164.214,100,309,1,2/27/2022 21:25:01,R_1ooJYfrqRbqRR4U, , , , ,39.3184051513671875,-82.1011962890625,anonymous,EN,1,3,2,1,5,5,5,7,1,7,1,1,7,4,7,7,7,1,7,1,1,10,2,1,Ohio,2,20,7,3,3,0,0,0,0,1,violent,1, , ,1, ,2,7,7,7,4,7,81,2
2/27/2022 21:29:14,2/27/2022 21:33:42,0,99.100.217.254,100,268,1,2/27/2022 21:33:42,R_2SDcKnuKz07UCTD, , , , ,32.6085052490234375,-96.86550140380859375,anonymous,EN,1,5,5,2,2,4,1,7,1,7,1,1,7,1,7,7,6,1,7,5,4,10,1,6,Texas,3,19,4,4,2,0,1,0,0,0,violent,1, , , ,1,2,7,7,7,7,7,83,3
2/27/2022 21:57:11,2/27/2022 22:05:35,0,24.218.77.57,100,503,1,2/27/2022 22:05:35,R_1eRZADNErLP8l8a, , , , ,42.982696533203125,-70.94719696044921875,anonymous,EN,1,4,4,2,4,5,5,7,2,7,3, ,7,5,6,7,6,1,6,5,5,10,2,1,New Hampshire,1,18,4, ,2,0,0,0,0,0,violent,1, , , ,1,2,6,5, ,3,7,67,3
2/27/2022 22:37:33,2/27/2022 22:42:59,0,65.183.131.144,100,326,1,2/27/2022 22:43:00,R_3Pjo2jq8HoeQyO7, , , , ,44.4828948974609375,-73.22530364990234375,anonymous,EN,1,4,4,1,4,1,5,1,5,1,4,5,4,6,4,4,4,2,5,5,3,3,4,1,Ohio,1,22,3,1,3,0,0,0,0,0,non-violent, ,1, ,1, ,1,3,4,3,2,6,41,2
2/27/2022 22:39:06,2/27/2022 22:46:30,0,107.77.223.149,100,444,1,2/27/2022 22:46:31,R_3I4OgNsIjzFuqE6, , , , ,40.73590087890625,-73.9904022216796875,anonymous,EN,1,4,4,4,5,5,4,1,7,6,2,1,7,3,4,5,5,1,6,5,4,10,1,1,Ohio,3,52,6,6,6,1,0,0,0,0,violent,1, ,1, , ,2,1,6,7,5,7,60,1
2/28/2022 7:07:56,2/28/2022 7:17:52,0,73.16.239.84,100,595,1,2/28/2022 7:17:52,R_2z6GgND3NEXJA8a, , , , ,44.392303466796875,-73.2147979736328125,anonymous,EN,1,5,5,2,2,4,4,5,1,7,1,1,7,3,6,5,6,1,7,4,4,4,1,1,Vermont,2,53,6,3,3,1,1,1,1,0,non-violent, ,1, ,1, ,1,7,7,7,5,7,76,2
2/28/2022 10:22:52,2/28/2022 10:27:58,0,75.69.67.53,100,305,1,2/28/2022 10:27:58,R_2scM5xVejdTW0TJ, , , , ,44.453704833984375,-73.17729949951171875,anonymous,EN,1,2,4,2,3,4,4,7,3,7,6,1,7,4,7,7,7,1,7,3,4,4,1,1,Vermont,3,21,6,1,4,0,1,0,0,0,violent,1, ,1, , ,2,5,2,7,4,7,74,1
2/28/2022 10:29:54,2/28/2022 10:37:18,0,174.93.161.55,100,443,1,2/28/2022 10:37:18,R_rpyxlOrPaYEI4Eh, , , , ,45.4723968505859375,-73.61409759521484375,anonymous,EN,1,5,4,3,4,4,4,7,2,7,1,1,7,2,6,7,7,1,5,5,1,4,2,1,Canada,1,59,6,6,6,0,0,0,0,0,non-violent, ,1, , ,1,1,6,7,7,6,7,79,3
